{"id": "t5_28vigg_t3_ol6y8z_t1_h5cj0ac", "creation": 1626400119, "origin": "t5_28vigg_t3_ol6y8z", "height": 1, "replied_to": "t5_28vigg_t3_ol6y8z", "down_vote": 0, "up_vote": 0, "social_network": "reddit", "replies_charged": false, "no_replies": false, "user": "hotlinehelpbot", "text": "\nIf you or someone you know is contemplating suicide, please reach out. You can find help at a National Suicide Prevention Lifeline\n\nUSA: 18002738255\nUS Crisis textline: 741741 text HOME\n\nUnited Kingdom: 116 123\n\nTrans Lifeline (877-565-8860)\n\nOthers: https://en.wikipedia.org/wiki/List_of_suicide_crisis_lines\n\nhttps://suicidepreventionlifeline.org", "permalink": "/r/Suicidal_Thoughts/comments/ol6y8z/ways_to_commit_suicide/h5cj0ac/"}