{"id": "t5_28vigg_t3_pbsgpe_t1_haf0t4h", "creation": 1629981425, "origin": "t5_28vigg_t3_pbsgpe", "height": 1, "replied_to": "t5_28vigg_t3_pbsgpe", "down_vote": 0, "up_vote": 3, "social_network": "reddit", "replies_charged": false, "no_replies": false, "user": "stupidmfbitch_", "text": "he means do you think like \"i should kill myself\" or \"you should kill yourself\" like how does your mind talk to you", "permalink": "/r/Suicidal_Thoughts/comments/pbsgpe/im_genuinely_really_curious_do_you_have_suicidal/haf0t4h/"}