{"id": "t5_28vigg_t3_qhaowt_t1_hicofv7", "creation": 1635403389, "origin": "t5_28vigg_t3_qhaowt", "height": 1, "replied_to": "t5_28vigg_t3_qhaowt", "down_vote": 0, "up_vote": 1, "social_network": "reddit", "replies_charged": false, "no_replies": false, "user": "CaravalsDaughter", "text": "Having ocd i can relate to intrusive thoughts. Its weird they never realized you dont have a desire to die, i think professionals should be able to distinguish it, idk. Mine are caused by pain atm", "permalink": "/r/Suicidal_Thoughts/comments/qhaowt/do_you_want_to_be_having_suicidal_thoughts/hicofv7/"}