{"id": "t5_28vigg_t3_ox97k1_t1_h7mv5mo", "creation": 1628046605, "origin": "t5_28vigg_t3_ox97k1", "height": 1, "replied_to": "t5_28vigg_t3_ox97k1", "down_vote": 0, "up_vote": 1, "social_network": "reddit", "replies_charged": false, "no_replies": false, "user": "LifeBytes123", "text": "I think a psychiatrist is not going to help you get accepted. Their job is to \"save\" you by putting you on drugs.\n\nPlus traveling to another Country to get placed in that program is not feasible due to the worldwide pandemic going on.", "permalink": "/r/Suicidal_Thoughts/comments/ox97k1/assisted_suicide/h7mv5mo/"}