{"id": "t5_28vigg_t3_ox97k1_t1_h7kzprh", "creation": 1628015680, "origin": "t5_28vigg_t3_ox97k1", "height": 1, "replied_to": "t5_28vigg_t3_ox97k1", "down_vote": 0, "up_vote": 3, "social_network": "reddit", "replies_charged": false, "no_replies": false, "user": "someone_idonotknow", "text": "I live in South America, in Brazil to be more specific. I know that\u2019s illegal, that\u2019s why I would like to know the steps till get accepted by dignitas in Switzerland. I think I\u2019ll have to get in touch with a lower and a psychiatrist, but I don\u2019t even know where to start it.", "permalink": "/r/Suicidal_Thoughts/comments/ox97k1/assisted_suicide/h7kzprh/"}