{"id": "t5_28vigg_t3_ox97k1_t1_h7nkyrn", "creation": 1628064773, "origin": "t5_28vigg_t3_ox97k1", "height": 1, "replied_to": "t5_28vigg_t3_ox97k1", "down_vote": 0, "up_vote": 1, "social_network": "reddit", "replies_charged": false, "no_replies": false, "user": "sweet_tranquility", "text": "You meant euthanasia right? Unless you have some terminal condition. Getting euthanasia is hard in Switzerland and has a long process. It's better to die at your own hands rather than weighting for this.", "permalink": "/r/Suicidal_Thoughts/comments/ox97k1/assisted_suicide/h7nkyrn/"}