{"id": "t5_28vigg_t3_ox97k1_t1_h7szdqd", "creation": 1628171216, "origin": "t5_28vigg_t3_ox97k1", "height": 1, "replied_to": "t5_28vigg_t3_ox97k1", "down_vote": 0, "up_vote": 1, "social_network": "reddit", "replies_charged": false, "no_replies": false, "user": "someone_idonotknow", "text": "You totally right. If some animal suffers, they put them to sleep, otherwise, if you\u2019re human, you\u2019ll suffer for the rest of or life. If you luck enough, you die before lol", "permalink": "/r/Suicidal_Thoughts/comments/ox97k1/assisted_suicide/h7szdqd/"}