{"id": "t5_28vigg_t3_npu75p_t1_h0cf4s7", "creation": 1622658911, "origin": "t5_28vigg_t3_npu75p", "height": 1, "replied_to": "t5_28vigg_t3_npu75p", "down_vote": 0, "up_vote": 1, "social_network": "reddit", "replies_charged": false, "no_replies": false, "user": "MrKrabbydaddy", "text": "You\u2019re not alone. You\u2019re hurting beyond words and emotions but just know you\u2019re not alone. I don\u2019t understand any of what\u2019s written but I understand that you\u2019re in pain and feel broken. You\u2019re not alone okay? Reach out", "permalink": "/r/Suicidal_Thoughts/comments/npu75p/my_suicide_note_15/h0cf4s7/"}