{"id": "t5_28vigg_t3_ogg644_t1_h4in19n", "creation": 1625777958, "origin": "t5_28vigg_t3_ogg644", "height": 1, "replied_to": "t5_28vigg_t3_ogg644", "down_vote": 0, "up_vote": 7, "social_network": "reddit", "replies_charged": false, "no_replies": false, "user": "Sufficient_Roof_8904", "text": "No I thought about drowning too but it's a bad idea it would be very painful and you would be begging for air", "permalink": "/r/Suicidal_Thoughts/comments/ogg644/is_drowning_a_painless_method_of_suicide/h4in19n/"}