{"id": "t5_28vigg_t3_ogg644_t1_h4imhqu", "creation": 1625777708, "origin": "t5_28vigg_t3_ogg644", "height": 1, "replied_to": "t5_28vigg_t3_ogg644", "down_vote": 0, "up_vote": 13, "social_network": "reddit", "replies_charged": false, "no_replies": false, "user": "arlenbtw", "text": "No.\nAs you are down there , your body begins to panic , you panic.\n\nYou shake , trying to get a bit of oxygen  your \nYour lungs and blood fill with carbon dioxide\nYour heart beats faster , and faster and faster , and gone.\n\nIt's physically and emotionally painful.", "permalink": "/r/Suicidal_Thoughts/comments/ogg644/is_drowning_a_painless_method_of_suicide/h4imhqu/"}