{"id": "t5_28vigg_t3_q3655u_t1_hfpx0de", "creation": 1633608734, "origin": "t5_28vigg_t3_q3655u", "height": 1, "replied_to": "t5_28vigg_t3_q3655u", "down_vote": 0, "up_vote": 2, "social_network": "reddit", "replies_charged": false, "no_replies": false, "user": "fionanight", "text": "Thank you for the reply. Honestly I've discovered a lot about life which made me understand more about why I behaved in so much self destruction but, this issue I'm in is destroying me. I totally understand I had mental problems for so long it didn't hit me until I was 16. I definitely understand what you mean about college but seeing everyone around me hold a decent job and make money just makes me feel like I wish I took school seriously. I used to really be a A* student but I messed it up. I'm trying to sort out getting a temporary place for now but it's going to take around 60 days. I don't know where I'm going to go during that. And the struggles to come after that smh makes life not worth it.", "permalink": "/r/Suicidal_Thoughts/comments/q3655u/suicidal/hfpx0de/"}