{"id": "t5_28vigg_t3_q3655u_t1_hfpza61", "creation": 1633610023, "origin": "t5_28vigg_t3_q3655u", "height": 1, "replied_to": "t5_28vigg_t3_q3655u", "down_vote": 0, "up_vote": 2, "social_network": "reddit", "replies_charged": false, "no_replies": false, "user": "HulkSmashHulkRegret", "text": "Yeah, you\u2019ve probably heard the saying \u201ccomparison is the thief of joy\u201d, and it really is. I\u2019m in a similar spot as you, surrounded by people who have what I\u2019ve wanted so badly for so long, and it crushes me being around them. I try to fake it like it doesn\u2019t bother me when they obliviously talk about their wonderful lives having experiences that to them are no big deal but would mean the world to me to even just have a fraction of what they have. \n\nThing is, my comparison to them is faulty in that they\u2019ve always had a wonderful support network, and that\u2019s made the difference for them time and again. I\u2019m trying to make it in life alone, and it\u2019s destroying me, I\u2019m so beyond exhausted by it, but I can\u2019t escape it, never a day off from it, and this state of being traps me in it. Not sure if you get this, you might, but I hope not. \n\nI learned way too late in life how important having a solid support network is; I always found it with SOs, but they leave or it turns out being single after them is a relief lol, but that just brings back the core problem. I can\u2019t stand to be alone. That drove so many of my bad decisions all through life. \n\nThat\u2019s awesome about the living arrangement in 60 days!! That will be here so fast, that\u2019s early December. This time will fly really quickly when not thinking about it (easier said than done). \n\nHere\u2019s an idea; there\u2019s more than 60 things you gotta do to move into a new place; from figuring out utilities, budgeting to make sure it all works, to picking out stuff, to finding fun places nearby, to charting the course from your future home to these places\u2026 if you did one thing every day that would be less to do when you move in, and maybe it would help between now and then?", "permalink": "/r/Suicidal_Thoughts/comments/q3655u/suicidal/hfpza61/"}