{"id": "t5_28vigg_t3_q3655u_t1_hfq379v", "creation": 1633612096, "origin": "t5_28vigg_t3_q3655u", "height": 1, "replied_to": "t5_28vigg_t3_q3655u", "down_vote": 0, "up_vote": 2, "social_network": "reddit", "replies_charged": false, "no_replies": false, "user": "izzzzaaaayyyyy", "text": "as someone who is also suicidal, i know my words wont really change anything. but please, stay and try to build a new life for yourself. i know its so hard, but we get put on our hardest journeys before the best ones come along. you can do this", "permalink": "/r/Suicidal_Thoughts/comments/q3655u/suicidal/hfq379v/"}