{"id": "t5_28vigg_t3_q3655u_t1_hfpv2q8", "creation": 1633607578, "origin": "t5_28vigg_t3_q3655u", "height": 1, "replied_to": "t5_28vigg_t3_q3655u", "down_vote": 0, "up_vote": 2, "social_network": "reddit", "replies_charged": false, "no_replies": false, "user": "HulkSmashHulkRegret", "text": "That way of saying \u201cI\u2019m only half as crazy as before\u201d is funny, and same, I\u2019ve been working on my stuff and that\u2019s where I\u2019m at\u2026 I think. \n\nAlso, I know what I think likely means nothing, but I wouldn\u2019t blame yourself for the college outcome; all that is mostly our built-in luck that\u2019s set on course before we even have a say in our lives. I studied hard and worked hard in college, and it didn\u2019t mean shit in the end because I have mental health issues from very early on, and sunk into major depression in what was my final semester (I should have stayed longer to complete my minor, specialization, do an internship and line up a real job, but I crashed out with just the degree, which means almost nothing. Took 6 years to get that, and cost.) point is, I so dreaded moving back in with my mom, I sunk badly, died inside. Lost 10 years in that. I couldn\u2019t see clearly because that living situation was so toxic to me before I left and after I returned. \n\nAnd I\u2019ve fallen in with messed up people before; my need for belonging and fear of abandonment is so strong, I ignore red flags because I can\u2019t stand to be alone\u2026\n\nIs there any way you can scrape together enough monthly funds to cover rent with a roommate? Even if that\u2019s a sub par outcome for now, if it\u2019s better than the parents, you\u2019ll have more of your brain to help get into a better situation.", "permalink": "/r/Suicidal_Thoughts/comments/q3655u/suicidal/hfpv2q8/"}