{"id": "t5_28vigg_t3_pca43x_t1_haj66n3", "creation": 1630052219, "origin": "t5_28vigg_t3_pca43x", "height": 1, "replied_to": "t5_28vigg_t3_pca43x", "down_vote": 0, "up_vote": 1, "social_network": "reddit", "replies_charged": false, "no_replies": false, "user": "littlechili02", "text": "Actually, it does the opposite for me. I get super anxious, recount and order the money so it is enough for rent, taxes, household, food and dept. What is left over I hold closely together. It makes me feel nervous. I always get thoughts of unexpected costs, of \u201cwhat ifs\u201d - also called anxiety. No, money is not helping my self esteem. Money is fuelling my fears", "permalink": "/r/Suicidal_Thoughts/comments/pca43x/my_favorite_word_is_suicide/haj66n3/"}