{"id": "t5_28vigg_t3_pca43x_t1_haiua9n", "creation": 1630042705, "origin": "t5_28vigg_t3_pca43x", "height": 1, "replied_to": "t5_28vigg_t3_pca43x", "down_vote": 0, "up_vote": 1, "social_network": "reddit", "replies_charged": false, "no_replies": false, "user": "littlechili02", "text": "What do you mean \u201eearning money and art\u201c? The fact that earning money is seen as a life purpose is part of the problem tho. A massive fear of money.", "permalink": "/r/Suicidal_Thoughts/comments/pca43x/my_favorite_word_is_suicide/haiua9n/"}