{"id": "t5_28vigg_t3_pbgxp6_t1_hackior", "creation": 1629929230, "origin": "t5_28vigg_t3_pbgxp6", "height": 1, "replied_to": "t5_28vigg_t3_pbgxp6", "down_vote": 0, "up_vote": 1, "social_network": "reddit", "replies_charged": false, "no_replies": false, "user": "GoncaRosebud", "text": "Thanks a lot for your feedback. I will definitely take this feedback into account in my future work. Since this study is currently in the data collection phase, I cannot make any changes to the questionnaire.", "permalink": "/r/Suicidal_Thoughts/comments/pbgxp6/participants_needed_for_an_online_survey_study/hackior/"}