{"id": "t5_28vigg_t3_pbgxp6_t1_haccwfu", "creation": 1629926017, "origin": "t5_28vigg_t3_pbgxp6", "height": 1, "replied_to": "t5_28vigg_t3_pbgxp6", "down_vote": 0, "up_vote": 1, "social_network": "reddit", "replies_charged": false, "no_replies": false, "user": "TheGuyFromTheWoods", "text": "a little feedback, at the end you could've added a \"tell anything\" space, some of my responces are a bit contradictory, but that's how my life goes and i would've explained why and how, and my overhaul experience, stats are good but i feel like testamogny is better", "permalink": "/r/Suicidal_Thoughts/comments/pbgxp6/participants_needed_for_an_online_survey_study/haccwfu/"}