{"id": "t5_28vigg_t3_q6ve49_t1_hgf19q2", "creation": 1634081076, "origin": "t5_28vigg_t3_q6ve49", "height": 1, "replied_to": "t5_28vigg_t3_q6ve49", "down_vote": 0, "up_vote": 3, "social_network": "reddit", "replies_charged": false, "no_replies": false, "user": "Rawsch", "text": "Just don\u2019t. Trust me you don\u2019t want any life long consequences like kidney/liver damage (overdosing) or brain damage (lack of oxygen)", "permalink": "/r/Suicidal_Thoughts/comments/q6ve49/easiest_way_to_commit_parasuicide/hgf19q2/"}