{"id": "t5_28vigg_t3_q6ve49_t1_hgf4z12", "creation": 1634082797, "origin": "t5_28vigg_t3_q6ve49", "height": 1, "replied_to": "t5_28vigg_t3_q6ve49", "down_vote": 0, "up_vote": 1, "social_network": "reddit", "replies_charged": false, "no_replies": false, "user": "Ruben_offmychest", "text": "well everything can cause you long term damage cause everything that can be potentially deadly can be at least harmful. Even poison can cause you long term consequences. \n\nThis isnt the best way to alert people around you I think you should try some other kind of communication", "permalink": "/r/Suicidal_Thoughts/comments/q6ve49/easiest_way_to_commit_parasuicide/hgf4z12/"}