{"id": "t5_28vigg_t3_orb4n1_t1_h6r422d", "creation": 1627420154, "origin": "t5_28vigg_t3_orb4n1", "height": 1, "replied_to": "t5_28vigg_t3_orb4n1", "down_vote": 0, "up_vote": 1, "social_network": "reddit", "replies_charged": false, "no_replies": false, "user": "SociopathicTendacies", "text": "My mother and family called me a selfish coward who needs to think how I would make them feel  if I went through with it. Then they cut me off from all communication and shamed me anonymously on social media", "permalink": "/r/Suicidal_Thoughts/comments/orb4n1/the_worst_response_you_ever_got_from_letting/h6r422d/"}