{"id": "t5_28vigg_t3_orb4n1_t1_h71e3la", "creation": 1627613620, "origin": "t5_28vigg_t3_orb4n1", "height": 1, "replied_to": "t5_28vigg_t3_orb4n1", "down_vote": 0, "up_vote": 2, "social_network": "reddit", "replies_charged": false, "no_replies": false, "user": "M00N570N3_7337H", "text": "If things start to fall down again, and depression decides to get dentures, kick those motherfucks out like you did before. Remember how hard it took the first time. An uphill battle, yeah, but the little things you do to keep suicidal thoughts at bay start to evolve into bigger, more ambitious things. Soon, going outside in the sun to drink some coffee in the morning becomes a walk around the block in the morning sun after your cup. Little victories turn into large rewards in the end. The reward is, maybe not a completely happy life, but a life that becomes...a lot more bearable. Remember with each day, you're sowing the seeds of your health internally. Just like a real plant, if you don't nurture the plant it will die. Water your mind fields with each day, hell just brushing your teeth and hair is a plentiful of rain to your crops! \n\nI'm gonna stop now because I look like a raving lunatic, especially in the eyes of the suicidal while I, myself, am suicidal. I don't think anyone can pull me up from my pit of despair, but if I can boost others up out of the pit, even just a little, thats enough to keep me going.", "permalink": "/r/Suicidal_Thoughts/comments/orb4n1/the_worst_response_you_ever_got_from_letting/h71e3la/"}