{"id": "t5_28vigg_t3_orb4n1_t1_h6zwlvl", "creation": 1627589065, "origin": "t5_28vigg_t3_orb4n1", "height": 1, "replied_to": "t5_28vigg_t3_orb4n1", "down_vote": 0, "up_vote": 2, "social_network": "reddit", "replies_charged": false, "no_replies": false, "user": "M00N570N3_7337H", "text": "I feel you on this one. I have a very sociopathic father who has encouraged me to kill myself many a time. It hurts the most when one (or both) parent(s) refuses to see the pain, doesn't want to engage with you out of ignorance or they simply hide that they loathe being a parent (sometimes, or all the time) albeit they're not very good at concealing it. You're definitely not alone. I know our situations may differ drastically, but I hope that in telling you that you're not the only one, you feel comforted. Not in the \"you're not the only one\", but just in my reply to you. I hear you and I understand. Stay safe, please. You're loved by others, but I know that doesn't make up for the lack of compassion from your dad. Someone who is supposed to be there emotionally and physically. When a parent says or does hurtful things to their child, even if they firmly believe that they haven't done any wrong, those comments or actions stick. They stick harder than an insult from a passing stranger on the sidewalk. These scarring words from people who are supposed to love and support you make you feel like you've been a problem since your conception. Believe me, and others--we see you and we hear you. You're not a burden, you never were or ever will be. You are a person who is worthy of love and support, even if that love and support doesn't come from where you'd wish it would.\n\nI'm sorry for such a long reply. I felt compelled to post a reply being that I could identify with what little you've said. It's painful not to receive support and love like you see on family TV sitcoms. That's the happy image not everyone can have. Again, I'm sorry for such a long reply. Please stay here on Earth with us and enjoy the green of the grass, the invisible embrace of a gust of wind, the tears the sky sheds when it's burdens become too heavy, just like our own. Listen to the songs the birds and bugs sing to commemorate each season--the songs of an ever changing world. You're a part of this changing world, and by God if he's listening or if he *is* real, fight. **Fight for your right to live**. This is an internal battle that never ends, the dust just settles from the last encounter with the enemy that *is* depression. Not all battles are the same, and depression never fights fair. Patience is your greatest weapon, and therapy a potential ally alongside meds. \n\nI sound like a crazy person don't I? Again, I apologize for the long and more than likely unwanted response. This is the first I've felt for once in the longest time and if being in my feelings brings someone even the teeniest bit of salvation, even if I cannot feel my own emotions, I hope to pass to you these reassuring words. I have hope that this sticks you, whether you're happy, sad, angry, or in the midst of a breakdown. You're loved and wanted. You are no burden. Well wishes to you and may you be greeted tenderly by many heartfelt embraces along your way. I can only hope that my digital embrace in this reply helps you just as much as the physical and emotional ones you'll receive elsewhere.", "permalink": "/r/Suicidal_Thoughts/comments/orb4n1/the_worst_response_you_ever_got_from_letting/h6zwlvl/"}