{"id": "t5_28vigg_t3_orb4n1_t1_h6hpyqg", "creation": 1627233162, "origin": "t5_28vigg_t3_orb4n1", "height": 1, "replied_to": "t5_28vigg_t3_orb4n1", "down_vote": 0, "up_vote": 1, "social_network": "reddit", "replies_charged": false, "no_replies": false, "user": "hannalogue1812", "text": "The NHS therapist telling me they \"aren't that bad unless I'd actually made plans to commit suicide\".  \n\nShe said that after I told her I have daily suicidal thoughts and that if I did commit suicide I wouldn't plan it, it'd be more spontaneous.", "permalink": "/r/Suicidal_Thoughts/comments/orb4n1/the_worst_response_you_ever_got_from_letting/h6hpyqg/"}