{"id": "t5_28vigg_t3_orb4n1_t1_h6obrkl", "creation": 1627363558, "origin": "t5_28vigg_t3_orb4n1", "height": 1, "replied_to": "t5_28vigg_t3_orb4n1", "down_vote": 0, "up_vote": 1, "social_network": "reddit", "replies_charged": false, "no_replies": false, "user": "WestAd5766", "text": "my dad told me to kill myself, because \u2018that\u2019s all i talk about\u2019, (killing myself). he doesn\u2019t believe i\u2019m hurting this bad.", "permalink": "/r/Suicidal_Thoughts/comments/orb4n1/the_worst_response_you_ever_got_from_letting/h6obrkl/"}