{"id": "t5_28vigg_t3_orb4n1_t1_h6r76o3", "creation": 1627421513, "origin": "t5_28vigg_t3_orb4n1", "height": 1, "replied_to": "t5_28vigg_t3_orb4n1", "down_vote": 0, "up_vote": 1, "social_network": "reddit", "replies_charged": false, "no_replies": false, "user": "SellLongjumping2950", "text": "I just opened up for the first time to someone that is very close to me that im really suicidal\nAnd all he said was\nAnd there we are \nI have to kick you out of my life\nI can\u2018t stand weak people", "permalink": "/r/Suicidal_Thoughts/comments/orb4n1/the_worst_response_you_ever_got_from_letting/h6r76o3/"}