{"id": "t5_28vigg_t3_orb4n1_t1_h71c8i8", "creation": 1627612656, "origin": "t5_28vigg_t3_orb4n1", "height": 1, "replied_to": "t5_28vigg_t3_orb4n1", "down_vote": 0, "up_vote": 2, "social_network": "reddit", "replies_charged": false, "no_replies": false, "user": "M00N570N3_7337H", "text": "Don't thank me, thank yourself for getting this far! You've done a hell of a job making it to today, and you bust your ass fighting just to get out of bed day in and day out! Be proud. You're allowed to be proud of yourself for the little things, you definitely deserve to have pride enduring the war with depression. Every little thing you do for yourself each day is a kick in depressions teeth. Keep kickin' 'em in!", "permalink": "/r/Suicidal_Thoughts/comments/orb4n1/the_worst_response_you_ever_got_from_letting/h71c8i8/"}