{"id": "t5_28vigg_t3_q93im8_t1_hgti6p6", "creation": 1634353727, "origin": "t5_28vigg_t3_q93im8", "height": 1, "replied_to": "t5_28vigg_t3_q93im8", "down_vote": 0, "up_vote": 3, "social_network": "reddit", "replies_charged": false, "no_replies": false, "user": "External_Change5540", "text": "The only thing that makes me feel better is knowing other people feel like this too, that I\u2019m not crazy for being frustrated by the way I\u2019ve been treated throughout my life. I don\u2019t want encouragement to go through with it but I don\u2019t want to be treated like therapy and meds are gonna cure me. Why can\u2019t I just exist as a depressed person without being treated like it\u2019s for attention or like it\u2019s the only way I can feel. Today I was \u201cnormal\u201d but internally I felt like I couldn\u2019t breathe.", "permalink": "/r/Suicidal_Thoughts/comments/q93im8/anybody_else_get_so_angry_reading_articles_about/hgti6p6/"}