{"id": "t5_28vigg_t3_p9riv9_t1_h9zpyqj", "creation": 1629689991, "origin": "t5_28vigg_t3_p9riv9", "height": 1, "replied_to": "t5_28vigg_t3_p9riv9", "down_vote": 0, "up_vote": 1, "social_network": "reddit", "replies_charged": false, "no_replies": false, "user": "porkchopgreasy", "text": "have you not seen a cardinal or red tailed hawk in flight?\n\nthe collision of warm and cold air systems and the clouds and weather they create?\n\na snowfall caressing the trees and mountains in a crisp and still winter storm?\n\ni agree that there is no meaning to living most of these days when fear and anxiety lede\n\nnevertheless breathing till this world \n takes my last is the only way i choose to vacate this plain of existence", "permalink": "/r/Suicidal_Thoughts/comments/p9riv9/my_friends_13_yo_daughter_committed_suicide_i_can/h9zpyqj/"}