{"id": "t5_28vigg_t3_p9riv9_t1_h9zvdo0", "creation": 1629693206, "origin": "t5_28vigg_t3_p9riv9", "height": 1, "replied_to": "t5_28vigg_t3_p9riv9", "down_vote": 0, "up_vote": 2, "social_network": "reddit", "replies_charged": false, "no_replies": false, "user": "Jaded_Appearance_373", "text": "Thank you. I am lucky that I am rational enough to see reason even when I feel this far down. I\u2019m hoping I will continue to be rational and not take the final leap even if it feels so tempting at times", "permalink": "/r/Suicidal_Thoughts/comments/p9riv9/my_friends_13_yo_daughter_committed_suicide_i_can/h9zvdo0/"}