{"id": "t5_28vigg_t3_p9riv9_t1_h9zrnc4", "creation": 1629690960, "origin": "t5_28vigg_t3_p9riv9", "height": 1, "replied_to": "t5_28vigg_t3_p9riv9", "down_vote": 0, "up_vote": 2, "social_network": "reddit", "replies_charged": false, "no_replies": false, "user": "porkchopgreasy", "text": "when you\u2019re down in it, there\u2019s not one thing that makes sense \n\ni fucking totally get it \n\nnevertheless, everyday breathing is better than the alternative \n\nthat\u2019s the only truth i know", "permalink": "/r/Suicidal_Thoughts/comments/p9riv9/my_friends_13_yo_daughter_committed_suicide_i_can/h9zrnc4/"}