{"id": "t5_28vigg_t3_p9riv9_t1_h9zrjhb", "creation": 1629690896, "origin": "t5_28vigg_t3_p9riv9", "height": 1, "replied_to": "t5_28vigg_t3_p9riv9", "down_vote": 0, "up_vote": 5, "social_network": "reddit", "replies_charged": false, "no_replies": false, "user": "charwhee", "text": "It's a good question. Maybe a little bit of all three. Maybe you need help, which involves getting some attention, because what you're going through isn't easily seen, and you feel like you don't want to be 'here' anymore. The suicide of a friend's daughter might bring it to a head by amplifying your own internal turmoil. \nI wonder if you feel like you don't deserve help and attention, that it's a sign of weakness and that you shouldn't need it - that your problems aren't big enough; like you need help, but don't feel justified in asking for it.\nIt might be writing or talking to a friend to see if you can at least figure out what's creating this unbearable pain inside.", "permalink": "/r/Suicidal_Thoughts/comments/p9riv9/my_friends_13_yo_daughter_committed_suicide_i_can/h9zrjhb/"}