{"id": "t5_28vigg_t3_p9riv9_t1_h9zrcoz", "creation": 1629690783, "origin": "t5_28vigg_t3_p9riv9", "height": 1, "replied_to": "t5_28vigg_t3_p9riv9", "down_vote": 0, "up_vote": 2, "social_network": "reddit", "replies_charged": false, "no_replies": false, "user": "Jaded_Appearance_373", "text": "I can totally see that are many great things I haven\u2019t experienced yet, but I can\u2019t convince myself it\u2019s worth the constant pain I feel every other time. I\u2019m so tired of having to distract myself. I just want genuine happiness and that\u2019s just not possible", "permalink": "/r/Suicidal_Thoughts/comments/p9riv9/my_friends_13_yo_daughter_committed_suicide_i_can/h9zrcoz/"}