{"id": "t5_28vigg_t3_p9riv9_t1_h9zviqr", "creation": 1629693291, "origin": "t5_28vigg_t3_p9riv9", "height": 1, "replied_to": "t5_28vigg_t3_p9riv9", "down_vote": 0, "up_vote": 2, "social_network": "reddit", "replies_charged": false, "no_replies": false, "user": "Jaded_Appearance_373", "text": "When you put it that way it feels right. Everyone is going through their own shit so I don\u2019t feel like I should bother them with mine", "permalink": "/r/Suicidal_Thoughts/comments/p9riv9/my_friends_13_yo_daughter_committed_suicide_i_can/h9zviqr/"}