{"id": "t5_28vigg_t3_prj7ac_t1_hdzkr4d", "creation": 1632418170, "origin": "t5_28vigg_t3_prj7ac", "height": 1, "replied_to": "t5_28vigg_t3_prj7ac", "down_vote": 0, "up_vote": 2, "social_network": "reddit", "replies_charged": false, "no_replies": false, "user": "NSFWIDC69", "text": "I\u2019ve been looking into a mechanism called the suicide hood, just a thought. Seems pretty accessible and painless. I\u2019m in the same position where life is the most painful thing.", "permalink": "/r/Suicidal_Thoughts/comments/prj7ac/quick_painless_suicide_methods/hdzkr4d/"}