{"id": "t5_28vigg_t3_prj7ac_t1_hdj4gs9", "creation": 1632096785, "origin": "t5_28vigg_t3_prj7ac", "height": 1, "replied_to": "t5_28vigg_t3_prj7ac", "down_vote": 0, "up_vote": 6, "social_network": "reddit", "replies_charged": false, "no_replies": false, "user": "itachi___444", "text": "maybe jump under a train, jump off a high building but still all these are just that youre not sure if youre not gonna end up in a wheelchair not able to kill yourself.. here is a list i found on how much height you need:  90 kg - 240 m 85 kg - 247 m 80 kg - 252 m 75 kg - 256 m 70 kg - 259 m 65 kg - 262 m 60 kg - 267 m 55 kg - 272 m 50 kg - 275 m its pretty fucking high.. if youll jump make sure you dont land on your legs there would be a bigger chance of you surviving that probably the best would be to land on your head..\n\nsomeone at a mental hospital once told me that a good way is to put visine eye drops into water and then drink it, i dont know if thats reliable.. or choose the painful death of hanging yourself.. or maybe touch or more like cut into some really high voltage wires.. thats probably painful too tho.. or cut your arteries.. i dont know man, good luck tho i hope itll be quick, fuck this world. sorry for my bad english, bye, greetings from a fellow person consumed by darkness.", "permalink": "/r/Suicidal_Thoughts/comments/prj7ac/quick_painless_suicide_methods/hdj4gs9/"}