{"id": "t5_28vigg_t3_prj7ac_t1_hh9l7zi", "creation": 1634669442, "origin": "t5_28vigg_t3_prj7ac", "height": 1, "replied_to": "t5_28vigg_t3_prj7ac", "down_vote": 0, "up_vote": 1, "social_network": "reddit", "replies_charged": false, "no_replies": false, "user": "just_a_taylor_fan", "text": "yes i have recently been looking into that too, i don\u2019t know wether to do it with nitrogen or helium, i think nitrogen has the higher success rate but it\u2019s harder to get and helium is easier to get but there have been many failed attempts. wether with helium or nitrogen, if i try and fail, do you think i will wake up with brain damage?", "permalink": "/r/Suicidal_Thoughts/comments/prj7ac/quick_painless_suicide_methods/hh9l7zi/"}