{"id": "t5_28vigg_t3_prj7ac_t1_hicsiot", "creation": 1635406745, "origin": "t5_28vigg_t3_prj7ac", "height": 1, "replied_to": "t5_28vigg_t3_prj7ac", "down_vote": 0, "up_vote": 1, "social_network": "reddit", "replies_charged": false, "no_replies": false, "user": "Henrikcuber", "text": "Apparently reddit has restrictions on chats and if you dont have enough reddit karma/you are a new user you cant chat :/", "permalink": "/r/Suicidal_Thoughts/comments/prj7ac/quick_painless_suicide_methods/hicsiot/"}