{"id": "t5_28vigg_t3_prj7ac_t1_hh9kdyp", "creation": 1634669117, "origin": "t5_28vigg_t3_prj7ac", "height": 1, "replied_to": "t5_28vigg_t3_prj7ac", "down_vote": 0, "up_vote": 1, "social_network": "reddit", "replies_charged": false, "no_replies": false, "user": "just_a_taylor_fan", "text": "yh i\u2019ve seen that method on youtube but to actually make secure the tubing and everything, i\u2019m scared that i won\u2019t do it right and will wake up with brain damage or somtin, please let me know ur thoughts", "permalink": "/r/Suicidal_Thoughts/comments/prj7ac/quick_painless_suicide_methods/hh9kdyp/"}