{"id": "t5_28vigg_t3_prj7ac_t1_hhroz2d", "creation": 1635014608, "origin": "t5_28vigg_t3_prj7ac", "height": 1, "replied_to": "t5_28vigg_t3_prj7ac", "down_vote": 0, "up_vote": 1, "social_network": "reddit", "replies_charged": false, "no_replies": false, "user": "April0014", "text": "Do you have any idea now? I\u2019m in the same place and committed several times in different ways but all failed.. Pm me we can talk about it.", "permalink": "/r/Suicidal_Thoughts/comments/prj7ac/quick_painless_suicide_methods/hhroz2d/"}