{"id": "t5_28vigg_t3_prj7ac_t1_hdjfmfj", "creation": 1632102142, "origin": "t5_28vigg_t3_prj7ac", "height": 1, "replied_to": "t5_28vigg_t3_prj7ac", "down_vote": 0, "up_vote": 7, "social_network": "reddit", "replies_charged": false, "no_replies": false, "user": "International_Sea285", "text": "The reason you won\u2019t find any is because it violates use agreements and they get taken down. There is a lot of focus on prevention and intervention, so even bots are used to find and take down anything that would actually help you. \n\nI know where you are. I\u2019m in a very similar place. I want to die, but don\u2019t want the pain. I don\u2019t want my family to have that kind of pain either. But this isn\u2019t the place you will get answers.", "permalink": "/r/Suicidal_Thoughts/comments/prj7ac/quick_painless_suicide_methods/hdjfmfj/"}