{"id": "t5_28vigg_t3_p66skv_t1_h9elzep", "creation": 1629292434, "origin": "t5_28vigg_t3_p66skv", "height": 1, "replied_to": "t5_28vigg_t3_p66skv", "down_vote": 0, "up_vote": 1, "social_network": "reddit", "replies_charged": false, "no_replies": false, "user": "andrewy7", "text": "There are a lot of mean, selfish and dismissive dickheads out there.  We can blame our own country and the culture that is just not as compassionate as it should be.  But you are unique.  Do you as best you can and sometimes that means just taking another breath and not killing yourself\u2026 until tomorrow.  And I\u2019m hoping that tomorrow you find hope.  Hope worth living, and hope worth doing something to make life even better than today.  Be well my friend.", "permalink": "/r/Suicidal_Thoughts/comments/p66skv/not_actively_suicidal_at_least_now_its_just_a/h9elzep/"}