{"id": "t5_28vigg_t3_o3kj3r_t1_h6zrt62", "creation": 1627587072, "origin": "t5_28vigg_t3_o3kj3r", "height": 1, "replied_to": "t5_28vigg_t3_o3kj3r", "down_vote": 0, "up_vote": 2, "social_network": "reddit", "replies_charged": false, "no_replies": false, "user": "NOURAT0W3L", "text": "Your process of \u201cbargaining\u201d is the same thing non-suicidal people do when you look at it. They simply look towards the future wondering \u201cif I do this what will happen?\u201d. The difference is you\u2019re not doing things for you. There have been plenty of experiences that have inspired you to live without a single thought of questioning if you should take your life. Live in those inspired moments until old age takes you. That is how one truly lives. Purpose and hope are some of the most powerful forces in human life, thankfully love has done enough to keep you around.", "permalink": "/r/Suicidal_Thoughts/comments/o3kj3r/why_people_commit_suicide_when_they_are_older/h6zrt62/"}