{"id": "t5_28vigg_t3_o3kj3r_t1_h2cf3bn", "creation": 1624125003, "origin": "t5_28vigg_t3_o3kj3r", "height": 1, "replied_to": "t5_28vigg_t3_o3kj3r", "down_vote": 0, "up_vote": 2, "social_network": "reddit", "replies_charged": false, "no_replies": false, "user": "Ecstatic-Jaguar-4707", "text": "I just say lots of people do this because I know I've talked to lots of people in group therapy or online who also do this, so I know that I am not alone in it.", "permalink": "/r/Suicidal_Thoughts/comments/o3kj3r/why_people_commit_suicide_when_they_are_older/h2cf3bn/"}