{"id": "t5_28vigg_t3_o3kj3r_t1_h2cc0cu", "creation": 1624123456, "origin": "t5_28vigg_t3_o3kj3r", "height": 1, "replied_to": "t5_28vigg_t3_o3kj3r", "down_vote": 0, "up_vote": 2, "social_network": "reddit", "replies_charged": false, "no_replies": false, "user": "Special_Dance8451", "text": ">Lots of people do this, and eventually they'll reach the time when they figure this is the time. \n\nI don't know if many people do this. But I know for sure that I want to get out at a certain time by myself, when I feel the time has come. I am \"in peace\" with that, still scares me, but not that much when suicidal ideation began. In the meantime I want to get better in many ways, and squeeze the most I can of this life.\n\nI don't want to end up alone and old, so when my father die, I will follow him next", "permalink": "/r/Suicidal_Thoughts/comments/o3kj3r/why_people_commit_suicide_when_they_are_older/h2cc0cu/"}