{"id": "t5_28vigg_t3_naj320_t1_gxuftzr", "creation": 1620822265, "origin": "t5_28vigg_t3_naj320", "height": 1, "replied_to": "t5_28vigg_t3_naj320", "down_vote": 0, "up_vote": 1, "social_network": "reddit", "replies_charged": false, "no_replies": false, "user": "redroomalumna", "text": "I know right? Dying while you're asleep seems the perfect answer for that, though it's not something you would directly cause.", "permalink": "/r/Suicidal_Thoughts/comments/naj320/painless_suicide_method/gxuftzr/"}