{"id": "t5_28vigg_t3_naj320_t1_gxuyij7", "creation": 1620831251, "origin": "t5_28vigg_t3_naj320", "height": 1, "replied_to": "t5_28vigg_t3_naj320", "down_vote": 0, "up_vote": 1, "social_network": "reddit", "replies_charged": false, "no_replies": false, "user": "charles0626", "text": "As I've said, I thought about hiring somebody to kill me instead. If only I could find a persom who's willing enough to suffocate me with a pillow in my sleep. I might suffer before I die but I bet that'd be easier than living", "permalink": "/r/Suicidal_Thoughts/comments/naj320/painless_suicide_method/gxuyij7/"}