{"id": "t5_28vigg_t3_naj320_t1_gxu3y0a", "creation": 1620813618, "origin": "t5_28vigg_t3_naj320", "height": 1, "replied_to": "t5_28vigg_t3_naj320", "down_vote": 0, "up_vote": 2, "social_network": "reddit", "replies_charged": false, "no_replies": false, "user": "CrownedBuckle94", "text": "I know u said that u don't want anyone to try to convince u not to do it, but please, do u wanna talk, we can talk if u want, you're not a coward for not killing yourself, your strong, please, I'm here.", "permalink": "/r/Suicidal_Thoughts/comments/naj320/painless_suicide_method/gxu3y0a/"}