{"id": "t5_28vigg_t3_naj320_t1_gzpxnqg", "creation": 1622174082, "origin": "t5_28vigg_t3_naj320", "height": 1, "replied_to": "t5_28vigg_t3_naj320", "down_vote": 0, "up_vote": 2, "social_network": "reddit", "replies_charged": false, "no_replies": false, "user": "Ghostdog_808", "text": "Picture this. Get a long enough rope. Tie one end to a Boulder or tree. Make sure it can withhold a lot of force without moving. This is critical for the painless part. Now give yourself enough slack so that you can do a 100mph pull in a vehicle with the other end of the rope tied to your neck. Make sure to wear your seatbelt. Don\u2019t stop.\n\nThis method could potentially be a lot of fun.", "permalink": "/r/Suicidal_Thoughts/comments/naj320/painless_suicide_method/gzpxnqg/"}