{"id": "t5_28vigg_t3_naj320_t1_gxu3doc", "creation": 1620813096, "origin": "t5_28vigg_t3_naj320", "height": 1, "replied_to": "t5_28vigg_t3_naj320", "down_vote": 0, "up_vote": 1, "social_network": "reddit", "replies_charged": false, "no_replies": false, "user": null, "text": "You don\u2019t need opioids. Go to your local Walmart or whatever you have and buy a bottle of Tylenol and a bottle of sleeping meds. And take them all.  But if you really wanna be sure just buy as many different kinds of pills you can. If you have access to alcohol drink that too. It should make it faster. \n\nAnother option is carbon monoxide. Turn the car one with the garage door closed and wait eventually you\u2019ll pass out and die in a few hours. I cannot vouch for if this would be painful or not.\n\nAnother option is you could buy a gun or poison on the dark web to use.", "permalink": "/r/Suicidal_Thoughts/comments/naj320/painless_suicide_method/gxu3doc/"}