{"id": "t5_28vigg_t3_naj320_t1_gyj01mc", "creation": 1621308078, "origin": "t5_28vigg_t3_naj320", "height": 1, "replied_to": "t5_28vigg_t3_naj320", "down_vote": 0, "up_vote": 2, "social_network": "reddit", "replies_charged": false, "no_replies": false, "user": "shutyourgob16", "text": "you need to rethink this. i believe in reincarnation, you don't just dissapear with no concequences. when you suicide your soul suffers, you'll be stuck, unable to move beyond .A soul gets a human birth after suffering through 80+thousand births as lower life forms...from plant, to insects, to animals.....it has taken you ions to be born as a human being.\n\nas disgusting n meaningless  life is now, you don't know what it means to get a human birth after suffering as lower forms of life. it is only in a human birth that you can you can raise your consciousness &  progress as a soul, that is our purpose. live out this hard life, please.\n\n your pain means something. you dont suffer for nothing, we're as fragile n broken as you, we're connected, we aren't supposed to be perfect n happy every living moment.  pain, hopelessness , suffering, meaninglessness, & despair, these are not abnormal facets of life. death doesn't kill the pain. it will not help you in any way.\n\nyou are good, it's your life that doesn't work for you, the world is a lot bigger than you've made it,. reality is. a lot kinder than we think. this subreddit is harmful. please, encouraging a person to end their life is inhumane & dark. i'm living my darkest moments now but I know for sure that we should not believe that this darkness is more real than light, that I know for sure. your problems & despair can melt away into the background, you can be lit from within, you are both the lightness and darkness. i hope you are surrounded by loving people, you need to balance things out, be around different people- these pages are toxic - get off these kinds of pages & find someone, call someone.\n\nLife can be full of pain but that is not enough to understand it & measure it. Accept we are all stupid and we get it wrong. Consider, you might have gotten it wrong. there are things still unknown to you. You can't conclude & measure the point of life so easily, it takes life times for prophets, philosophers & thinkers to make sense of this experience - you can't so easily dismiss it. Accept that you don't know everything, accept that you don;t know enough to write this off, accept that you need care, help, love & solutions & constant compassion.\n\nclose your eyes, imagine yourself in the most comfortable cottage, in the most coziest bed, with a magical cupboard with a never ending supply of your favorite food, a telly full of tv series & movies that absorb & fascinate, the kindest neighbours who invite you for tea, imagine yourself animatedly discussing your deep feelings & thoughts, them pondering on their own - all over the lightest cupcakes & cookies. Soak in the comfort, love & absolute satisfaction.\n\nimagine the sun loving you, it's warm, strong rays filling you with affection & strength & power, see the world, as this kind, welcoming & pleasing place -imagine the world as your playground, a place for fun, running around, falling & getting up - every single thing pleases you here, pleases every sense, your sight, your touch, your smell, your taste - the world serves you. you're here to be satisfied. just imagine, feel how that feels, try & stir your soul.\n\nEven your pain is beautiful, the story you've become is beautiful, the tears only show how deep you are, your eyes shows how much you've been through - it's your beauty, & in time it will give you a depth to understand things no one will ever get. look at nature, don;t look at man-made things, everything of nature makes you feel like yourself - lightness, compassion & a loving presence - that's the essence of nature - it's man who's made a cold brick & mortar world & complicated things.\n\nyou mind has turned rock like, it needs to be fluid, flowing, open, & softer & a kinder place for you to live in. don't let your mind control you, you be in charge, \"you\", the \"self\" that listens to all these thoughts, you take the reigns & decide what kind of thoughts you welcome.", "permalink": "/r/Suicidal_Thoughts/comments/naj320/painless_suicide_method/gyj01mc/"}