{"id": "t5_28vigg_t3_naj320_t1_gxtwgtl", "creation": 1620806404, "origin": "t5_28vigg_t3_naj320", "height": 1, "replied_to": "t5_28vigg_t3_naj320", "down_vote": 0, "up_vote": 5, "social_network": "reddit", "replies_charged": false, "no_replies": false, "user": "hereforthekix", "text": "Massive overdose on downers is what I lean towards, but then my family and friends would have the added pain of dealing with my suicide. Making my death look like an accident is my main concern because I want to limit their misplaced guilt and pain as much as possible.  I've lost 5 people to suicide and it's a lot harder to handle than the accidental deaths I've dealt with.  You can't help but feel some guilt or shame for not noticing, mot supporting them as best you could, and you also then have the pain of knowing that they were in so much pain, for so long, rhat they felt suicide was the best thing they could do for the people in their lives, and for themselves. \nThat's the advice I have. Make it look like an accidental death, for your loves ones sake. Driving into an overpass support or something is the best I've come up with  so far. I'll swap the airbag fuse with a bad fuse, then drive into a support going no more than 15km/h over the speed limit, and I'll do it late at night. I think then it would look like I fell asleep at the wheel and the airbags didn't go off because the fuse had burnt out.    It would be a quick death, and it would lessen my loves ones' pain significantly.", "permalink": "/r/Suicidal_Thoughts/comments/naj320/painless_suicide_method/gxtwgtl/"}