{"id": "t5_28vigg_t3_naj320_t1_gxuxkw7", "creation": 1620830857, "origin": "t5_28vigg_t3_naj320", "height": 1, "replied_to": "t5_28vigg_t3_naj320", "down_vote": 0, "up_vote": 1, "social_network": "reddit", "replies_charged": false, "no_replies": false, "user": "charles0626", "text": "I have no idea how to access the dark web. The carbon monoxide seems like a good way to go but I don't have a car or an enclosed space to do it without killing anybody else. Thanks though.", "permalink": "/r/Suicidal_Thoughts/comments/naj320/painless_suicide_method/gxuxkw7/"}