{"id": "t5_28vigg_t3_naj320_t1_h04pnyq", "creation": 1622501019, "origin": "t5_28vigg_t3_naj320", "height": 1, "replied_to": "t5_28vigg_t3_naj320", "down_vote": 0, "up_vote": 1, "social_network": "reddit", "replies_charged": false, "no_replies": false, "user": "Fuhdsji1", "text": "Personally I\u2019m thinking about just taking bunch of pills, most this the effect of making you drowsy and then overdosing on them. Meanwhile I will be sitting in the ledge of a building(skyscraper), this is in case that there is pain then I would just jump off to speed up the process. I don\u2019t think there are any methods that are completely painless, in fact most methods probably would result in extreme pain if not done correctly such as hanging, OD or jumping off a building.", "permalink": "/r/Suicidal_Thoughts/comments/naj320/painless_suicide_method/h04pnyq/"}