{"id": "t5_28vigg_t3_naj320_t1_gxu316j", "creation": 1620812771, "origin": "t5_28vigg_t3_naj320", "height": 1, "replied_to": "t5_28vigg_t3_naj320", "down_vote": 0, "up_vote": 3, "social_network": "reddit", "replies_charged": false, "no_replies": false, "user": null, "text": "I wouldn\u2019t suggest that. Trying to crash your car as a suicide method can end up with you severely disabled or disfigured yet still alive. Or burn you alive. If you have to go with a car crash drive off a bridge into a lake. Drowning would be much better than what a regular crash could do.", "permalink": "/r/Suicidal_Thoughts/comments/naj320/painless_suicide_method/gxu316j/"}