{"id": "t5_28vigg_t3_naj320_t1_gyzxwnu", "creation": 1621638275, "origin": "t5_28vigg_t3_naj320", "height": 1, "replied_to": "t5_28vigg_t3_naj320", "down_vote": 0, "up_vote": 1, "social_network": "reddit", "replies_charged": false, "no_replies": false, "user": "whyiswhat53614", "text": "Yo I\u2019m with you. Let me know if you find anything. I saw a show where an old lady makes a nice little poisoned pudding then goes to sleep and ive never wanted something so badly. We need to find that recipe", "permalink": "/r/Suicidal_Thoughts/comments/naj320/painless_suicide_method/gyzxwnu/"}