{"id": "t5_28vigg_t3_naj320_t1_h1lx5qc", "creation": 1623580157, "origin": "t5_28vigg_t3_naj320", "height": 1, "replied_to": "t5_28vigg_t3_naj320", "down_vote": 0, "up_vote": 2, "social_network": "reddit", "replies_charged": false, "no_replies": false, "user": "Sufficient_Stretch82", "text": "The way I see it is that no matter how much pain they go through the world will keep turning, not trying to be an ass by saying that but if I wasn't cynical I wouldn't even be here. Sometimes people don't notice because some people hide their pain so well but in my case nobody really cares, if I off myself and my family has to deal with it then good, I hope they do blame themselves for being neglectful towards me my whole life. They have put me in positions that have left my life completely fuck and I hate them so much.", "permalink": "/r/Suicidal_Thoughts/comments/naj320/painless_suicide_method/h1lx5qc/"}