{"id": "t5_28vigg_t3_naj320_t1_gyck6ub", "creation": 1621188058, "origin": "t5_28vigg_t3_naj320", "height": 1, "replied_to": "t5_28vigg_t3_naj320", "down_vote": 0, "up_vote": 1, "social_network": "reddit", "replies_charged": false, "no_replies": false, "user": "Realistic_Job_6789", "text": "Can I ask a question, what do you mean by your tired? I know your trying to be vague but can you expand on your reason behind wanting to?", "permalink": "/r/Suicidal_Thoughts/comments/naj320/painless_suicide_method/gyck6ub/"}