{"id": "t5_28vigg_t3_naj320_t1_gzx6yna", "creation": 1622330796, "origin": "t5_28vigg_t3_naj320", "height": 1, "replied_to": "t5_28vigg_t3_naj320", "down_vote": 0, "up_vote": 1, "social_network": "reddit", "replies_charged": false, "no_replies": false, "user": "spacpro", "text": "The thing is the body tries to fight most poisons that you swallow which will result in heavy convolusions and vomitting. If your last moments on this planet shouldn\u2018t be puking yout heart out you shouldn\u2018t consider poison", "permalink": "/r/Suicidal_Thoughts/comments/naj320/painless_suicide_method/gzx6yna/"}