{"id": "t5_28vigg_t3_pl4da7_t1_hc881yw", "creation": 1631220919, "origin": "t5_28vigg_t3_pl4da7", "height": 1, "replied_to": "t5_28vigg_t3_pl4da7", "down_vote": 0, "up_vote": 2, "social_network": "reddit", "replies_charged": false, "no_replies": false, "user": "CheesyjokeLol", "text": "Many people struggle with this distinction, and it\u2019s very difficult to solve. Many people who survive their attempts say that just moments after committing to the attempt tend to regret it afterwards, some however still do not wish to go on, and attempt again.\n\nI cannot claim to know what the signs are, and these are only a base guideline for people in general to start, the rest will be up to your own contextualization. How you feel day to day, do you believe anything can fix your situation (regardless of how unrealistic it is), do you have any recent moments (within the past 2 years) that bring you true joy in life and so on.\n\nWithout further ado, this is what I think you should ask yourself to understand suicidal thoughts vs desire:\n\n**I am not a professional, this advice may not be adequate to answer your question and lacks critical information such as the context of your situation. A mental health professional will be much more equipped to tackle this question definitively**\n\n>Are these suicidal thoughts intrusive? Do they come without your consent such as when you\u2019re at the ledge of a high place, do you think \u201cwow I would definitely die if I dropped off this ledge\u201d? Or say, at the edge of the sidewalk on a busy street, do you think \u201cImagine walking into that, I\u2019d probably die\u201d? These thoughts don\u2019t mean you *want* to commit to the act, only that you *could*. Do you always think negatively of them afterwards, like you wouldn\u2019t want to do it? \n\n>Do you consider your life to be terrible? Do you imagine that you no longer wish to live your life? Or do you think your life is terrible? Importantly in the latter it *might* be perceived as you wanting a better life, or an out to your current, shitty situation rather than truly wanting to end your life.\n\n>Do you think of ways of harming yourself or ending your life? You do not have to act upon them immediately (or whenever you planned to act on them), but having thinking of specific ways to die is a sign that you may truly desire to end your life.\n\n>Do you have a concrete plan in place for your act? Have you considered the method that you\u2019ll use as well as when and where you intend to do it? This is a strong sign that you carry a desire to end your own life.\n\nAgain I would like to emphasize that these are not a definitive way of answering your question, but it serves as a baseline to help you distinguish the two. If you feel that this points you towards having an active desire for suicide then I recommend you to reach out to others such as friends and family you are comfortable with, although understand that they may not be mentally capable of helping you through this situation. If it is within your means seeking a mental health professional is the best way to help you through your struggle. I hope this helps you!", "permalink": "/r/Suicidal_Thoughts/comments/pl4da7/how_can_you_tell_if_youre_just_having_suicidal/hc881yw/"}