{"id": "t5_28vigg_t3_psazsn_t1_hdql3l7", "creation": 1632243383, "origin": "t5_28vigg_t3_psazsn", "height": 1, "replied_to": "t5_28vigg_t3_psazsn", "down_vote": 0, "up_vote": 2, "social_network": "reddit", "replies_charged": false, "no_replies": false, "user": "Dependent-Fox9529", "text": "A lot of people have trouble sharing heartfelt things like this.\n\nI'd like to touch on a few things you said in your reply.\n\n1. I never wanted kids. I hate children and with a lifetime of incest/rape and pedos praying on me I was TERRIFIED that if I had kids I would grow up to.. Hurt them. (As i know some victims become the abuser)\n\nI'd like to say that i have 3 kids, 2 boys and a girl. Ages 16, 7 and almost 2 and I have never had any of the feelings I was so terrified of having.\n\nI still hate children and I dont LIKE being a mom per day but its not my kids fault I am how I am. I grew up when I got pregnant. I put my own reservations aside and ive raised my 3 kids with their dad, to the best that I can. They are not perfect and I am mot perfect but they are all loved, I never hit them and I dont raise my voice. They are spoiled but when they are in public or out with friends I am complimented on what a delight they are. \n\nIf you Don't want kids, don't have them but if you do have them and choose to keep them, don't take the fact that you couldn't keep your legs closed, out on them. They didn't ask to be made and a parent has NO right to put that onto a child.\n\nI would just like to add that if I ever felt opposingly to how I do, I would not have harmed any of my kids, I would have simply left. I would much rather a child grow up wondering why a parent left as opposed to other things. If I felt I couldn't given them emotional support, i would have left. Etc. \n\n2. Depending on your career goals, you should look at different animals. If your life plan will allow for a dog, get 2 (companionship when you are gone). Or a cat. A snake, gecko, bird, etc. \n\nYou aren't limited to traditional pets but whatever you land on, make sure it's domesticated. Don't get s fucking tiger ffs lmao. \n\nAlso, Bush baby, micro pigs, chinchillas, hamsters and gerbils are BAD ideas as a pet in general. \n\nAlso, ferrets need their stink removed and need to be neutered. Female ferrets, if not neutered, will go into heat and if they cant mate they will die. Thank evolution", "permalink": "/r/Suicidal_Thoughts/comments/psazsn/i_made_a_suicide_plan_what_do_you_think/hdql3l7/"}