{"id": "t5_28vigg_t3_psazsn_t1_hdqikf8", "creation": 1632242368, "origin": "t5_28vigg_t3_psazsn", "height": 1, "replied_to": "t5_28vigg_t3_psazsn", "down_vote": 0, "up_vote": 2, "social_network": "reddit", "replies_charged": false, "no_replies": false, "user": "akim787", "text": "In about 3-4 years I can finally move away. I have no idea what will happen after but when I leave I will completely ignore my moms side and only visit my dads if I can.", "permalink": "/r/Suicidal_Thoughts/comments/psazsn/i_made_a_suicide_plan_what_do_you_think/hdqikf8/"}