{"id": "t5_28vigg_t3_psazsn_t1_hdpfgm1", "creation": 1632224101, "origin": "t5_28vigg_t3_psazsn", "height": 1, "replied_to": "t5_28vigg_t3_psazsn", "down_vote": 0, "up_vote": 8, "social_network": "reddit", "replies_charged": false, "no_replies": false, "user": "akim787", "text": "The white side of my family is racist and wanted me to only pay attention to them and \u201cmake me forget my korean side\u201d. But they failed to take care of me, when I was a baby they left me in the basement all day with only one bottle and I had to feed myself. The white side is my moms side and she has never been with me either. When I\u2019m at their house they refuse to let me call my dad or any other family. Even though my Korean side never knew English they still tucked me in bed and checked in on me, they made sure I was safe. I have a half sister but she is only seven and she is full white from my mom and another man I don\u2019t know so I can\u2019t tell her anything. (She is already such a social and bright person so if I even tried confiding in her everyone would know from her in a heartbeat and I\u2019d be in trouble)", "permalink": "/r/Suicidal_Thoughts/comments/psazsn/i_made_a_suicide_plan_what_do_you_think/hdpfgm1/"}