{"id": "t5_28vigg_t3_psazsn_t1_hdqi605", "creation": 1632242206, "origin": "t5_28vigg_t3_psazsn", "height": 1, "replied_to": "t5_28vigg_t3_psazsn", "down_vote": 0, "up_vote": 2, "social_network": "reddit", "replies_charged": false, "no_replies": false, "user": "akim787", "text": "That plan is also in the back of my head, I can be successful in Korea and maybe once visit family back in the us and just show them how much more happy I can be. It\u2019s not that my parents wanted a kid but then kind of changed their mind later on, they never wanted a family. My parents were never married and I\u2019m not sure if they were even dating, my mom was on drugs at the time and it showed to cause lots of trouble in my early childhood(which lead me to be in dangerous places and being prone to becoming ill). But no matter what happens I want to be in my favorite place and be happy for at least one day, but perhaps a pet can make then that day into a few years and maybe a life time :) your reply really touched me, I haven\u2019t gotten sympathy from this even from my closest friends. Thank you <3", "permalink": "/r/Suicidal_Thoughts/comments/psazsn/i_made_a_suicide_plan_what_do_you_think/hdqi605/"}