{"id": "t5_28vigg_t3_psazsn_t1_hdq6epg", "creation": 1632237394, "origin": "t5_28vigg_t3_psazsn", "height": 1, "replied_to": "t5_28vigg_t3_psazsn", "down_vote": 0, "up_vote": 5, "social_network": "reddit", "replies_charged": false, "no_replies": false, "user": "Dependent-Fox9529", "text": "Multi-racial families break my heart. \n\nHalf people should be loved just as much as a \"fully xyz\" person. \n\nYou don't refuse to eat an Oreo because it's black and white. You love it and cherish and gobble it up with excitement.\n\nThe thing that pisses me off the most is that neither side seems to want the half child, which is so disheartening. You did not ask to be mixed. \n\nYour family should love you and both sides should have went out of their way to make you feel loved and give you their culture.\n\nAll they have bred is resentment and distrust. Among probably, anxiety, fear and self loathing, stop me if I'm wrong.\n\nYou do not reflect your family's bad choices. You ARE loved. You are doing so good, the fact that you're still alive proves that. \n\nYou heard of hate fucking someone? Do it to your family. Hate live them. Live such a good life that whenever they talk to you or you talk to them, they get uncomfortable because you're way more awesome than they could ever WISH to be.\n\nLove yourself and if you can't, get a dog and live for them.", "permalink": "/r/Suicidal_Thoughts/comments/psazsn/i_made_a_suicide_plan_what_do_you_think/hdq6epg/"}