{"id": "t5_28vigg_t3_psazsn_t1_hdqybyg", "creation": 1632248840, "origin": "t5_28vigg_t3_psazsn", "height": 1, "replied_to": "t5_28vigg_t3_psazsn", "down_vote": 0, "up_vote": 2, "social_network": "reddit", "replies_charged": false, "no_replies": false, "user": "akim787", "text": "Thank you for the advice! I\u2019m not exactly sure what kind of job I want (probably something to do with art and design) but I really like cats, there are lots of breeds and some need more attention than others so I look into that often. If I just am not gone enough or something else is a problem then I will do something else. There is no point in having a pet if they aren\u2019t happy and loved. Thank you again for all the advice :)", "permalink": "/r/Suicidal_Thoughts/comments/psazsn/i_made_a_suicide_plan_what_do_you_think/hdqybyg/"}