{"id": "t5_28vigg_t3_osi4aa_t1_h6qybg5", "creation": 1627417591, "origin": "t5_28vigg_t3_osi4aa", "height": 1, "replied_to": "t5_28vigg_t3_osi4aa", "down_vote": 0, "up_vote": 3, "social_network": "reddit", "replies_charged": false, "no_replies": false, "user": "ScarLeading", "text": "Here's my perspective which creates my reality:\n\nI am turning 50 in a few years. I have lived with depression, anxiety, BPD for my whole life. I have been medication for a goodly many years. I have found one that works for over a couple of years now.\n\nI have a full time job where I have been working for over 30 years. I reached my current position in almost 20 years ago with little chance of advancement. I  am staying on to top up my pension, then retire quietly with no fanfare or goodbyes or best wishes B/S.\n\nI own property in a hot part of the city I live. I can sell and make a decent profit. Leave it to my family/friends/charity/whatever....\n\n...then, I will commit suicide...\n\nSuicide is an option and should be allowed. A painless option to finish up a somewhat normal and uninspiring life.\n\nThere's no mystery, no big secret. We are all stardust. \n\nWho I am is irrelevant, where I have been or done is irrelevant.\n\nIt's my choice. Once you realize you owe nothing to anyone about anything you can do it. \n\nJust my 2 cents.", "permalink": "/r/Suicidal_Thoughts/comments/osi4aa/is_suicide_ever_the_option/h6qybg5/"}