{"id": "t5_28vigg_t3_pwfzeg_t1_hen1ky6", "creation": 1632861465, "origin": "t5_28vigg_t3_pwfzeg", "height": 1, "replied_to": "t5_28vigg_t3_pwfzeg", "down_vote": 0, "up_vote": 2, "social_network": "reddit", "replies_charged": false, "no_replies": false, "user": "SpicySrirachaBro", "text": "Sleep, or surround yourself with someone even if it means going to a park or store/restaurant. Stay away from the self harm desires and thoughts and possibly go to your parents ? If that\u2019s possible. Not sure what your relationship is like with them.", "permalink": "/r/Suicidal_Thoughts/comments/pwfzeg/struggling_with_anxiety_and_self_harmingsuicidal/hen1ky6/"}