{"id": "t5_28vigg_t3_pwfzeg_t1_heh74ep", "creation": 1632754180, "origin": "t5_28vigg_t3_pwfzeg", "height": 1, "replied_to": "t5_28vigg_t3_pwfzeg", "down_vote": 0, "up_vote": 1, "social_network": "reddit", "replies_charged": false, "no_replies": false, "user": "blank_novels", "text": "Please dont harm yourself. Yes it won't alleviate your pain. Give yourself some rest, don't overdo it. Stop for a moment and have a nice meal, take a nap. Explore a few area of interest try to find what you might enjoy doing. I am sure you will find a job i am really sure about that but that's not what you should be worrying about rn. Think about what you want to be doing after you got the job? You can always go back to school once you've saved enough. Try to find things that you could be living for and don't ever put all the eggs in a basket. Your body really needs help and only you can give it what it really wants, you'll be in a much better state. And don't sleep on nice people try going out once you're ready. You are to find a new piece of happiness to fill your heart soon. It's too soon to give up. I am rooting for you ^^", "permalink": "/r/Suicidal_Thoughts/comments/pwfzeg/struggling_with_anxiety_and_self_harmingsuicidal/heh74ep/"}