{"id": "t5_28vigg_t3_pwfzeg_t1_heh7e5d", "creation": 1632754294, "origin": "t5_28vigg_t3_pwfzeg", "height": 1, "replied_to": "t5_28vigg_t3_pwfzeg", "down_vote": 0, "up_vote": 2, "social_network": "reddit", "replies_charged": false, "no_replies": false, "user": "mars_mars19", "text": "Thank you but I don't have anyone to go out with... I feel exhausted even though the only thing I'm doing is sleeping", "permalink": "/r/Suicidal_Thoughts/comments/pwfzeg/struggling_with_anxiety_and_self_harmingsuicidal/heh7e5d/"}