{"id": "t5_28vigg_t3_q7kvzb_t1_hgjocx3", "creation": 1634167213, "origin": "t5_28vigg_t3_q7kvzb", "height": 1, "replied_to": "t5_28vigg_t3_q7kvzb", "down_vote": 0, "up_vote": 9, "social_network": "reddit", "replies_charged": false, "no_replies": false, "user": "satanic_bxtch", "text": "Definitely. Like just saying \"don't do it please\" isn't gonna stop someone so why try it? Giving most likely working methods\\OD instructions per weight, etc would be more helpful", "permalink": "/r/Suicidal_Thoughts/comments/q7kvzb/anyone_else_wish_there_were_more_pro_suicide/hgjocx3/"}