{"id": "t5_28vigg_t3_qb1rz7_t1_hh7sp6r", "creation": 1634638756, "origin": "t5_28vigg_t3_qb1rz7", "height": 1, "replied_to": "t5_28vigg_t3_qb1rz7", "down_vote": 0, "up_vote": 3, "social_network": "reddit", "replies_charged": false, "no_replies": false, "user": "Ruben_offmychest", "text": "I regret both attempting and failing. I had a lack of oxygen, and now I have a brain fog and I can't focus on anything anymore. my entourage never trust me again and are watching me all the time", "permalink": "/r/Suicidal_Thoughts/comments/qb1rz7/has_anyone_in_here_attempted_suicide_and_survived/hh7sp6r/"}