{"id": "t5_28vigg_t3_qb1rz7_t1_hh6t9ud", "creation": 1634611992, "origin": "t5_28vigg_t3_qb1rz7", "height": 1, "replied_to": "t5_28vigg_t3_qb1rz7", "down_vote": 0, "up_vote": 4, "social_network": "reddit", "replies_charged": false, "no_replies": false, "user": "mrpopalopdous", "text": "Its ok everyone needs to vent if you could I would suggest you take some time to yourself away from all the people saying you'd never do it and calling you weak however being a parent I imagine its not possible. But if you ever need to vent this sub is here and most of the peoples inboxes here are open so if you need tonword vomit and get shit off ya chest you can", "permalink": "/r/Suicidal_Thoughts/comments/qb1rz7/has_anyone_in_here_attempted_suicide_and_survived/hh6t9ud/"}