{"id": "t5_28vigg_t3_qb1rz7_t1_hh7iuck", "creation": 1634629817, "origin": "t5_28vigg_t3_qb1rz7", "height": 1, "replied_to": "t5_28vigg_t3_qb1rz7", "down_vote": 0, "up_vote": 6, "social_network": "reddit", "replies_charged": false, "no_replies": false, "user": "thegloomylagoon", "text": "I've survived several times. Sometimes I'm still thankful to be here but on the bad days I really regret messing it all up. I can't tell which I truly regret.", "permalink": "/r/Suicidal_Thoughts/comments/qb1rz7/has_anyone_in_here_attempted_suicide_and_survived/hh7iuck/"}