{"id": "t5_28vigg_t3_qb1rz7_t1_hi1p5w0", "creation": 1635203332, "origin": "t5_28vigg_t3_qb1rz7", "height": 1, "replied_to": "t5_28vigg_t3_qb1rz7", "down_vote": 0, "up_vote": 1, "social_network": "reddit", "replies_charged": false, "no_replies": false, "user": "thatbishh4", "text": "I did this past May, I wrote my notes and set my alarm to start the process. I mixed a shitload of hardcore narcotics, uppers downers, opiates, benzos,anti psychotics. High doses. All in hopes of a cardiac arrest, heart attact, die in my sleep. I woke up to a ring in my ear. I was so dizzy I had to lean on a wall to get to my bathroom only to throw everything up. I was sweating and itchy. I thought to myself this is it, let\u2019s ride it out. I blacked out i remember opening my eyes to a light than back to pitch dark. I experienced that for 2 days. I\u2019m still here. I takes a lot to kill yourself. I don\u2019t know if I regret but months later things got a bit better in my life. I laned some sales,socialized more with friends/ fam. I still have my dark days where I wish it had worked. But my life also made some progress shorlty after my attempt. I went throu that alone,no one knows that really tried kill myself. It\u2019s exhausting.", "permalink": "/r/Suicidal_Thoughts/comments/qb1rz7/has_anyone_in_here_attempted_suicide_and_survived/hi1p5w0/"}