{"id": "t5_28vigg_t3_qb1rz7_t1_hh7bh5f", "creation": 1634623472, "origin": "t5_28vigg_t3_qb1rz7", "height": 1, "replied_to": "t5_28vigg_t3_qb1rz7", "down_vote": 0, "up_vote": 3, "social_network": "reddit", "replies_charged": false, "no_replies": false, "user": "36Goldthoughts", "text": "I attempted a few years ago. Man I was ready. The surge of bravery that I had before the attempt was just indescribable and I knew I had to do it quickly before the bravery left my body, so I really went for it. I look back and I absolutely cannot believe how ready I was.\n\nI failed the attempt (obviously) and in all honesty, I have often regretted failing because I have never been brave enough to attempt again. Right now I'm in a mind-numbing limbo state where I'm living on the surface but internally drowning. I have friends, I date, I have hobbies, I can function excellently in social settings but I am very much dead inside in many ways and it's a depressing existence.\n\nI am grateful for life itself, it's just the crippling sadness that makes it unbearable. If I can master this then I will probably regret ever attempting suicide but for now I don't regret it. I'm proud of how brave I was", "permalink": "/r/Suicidal_Thoughts/comments/qb1rz7/has_anyone_in_here_attempted_suicide_and_survived/hh7bh5f/"}