{"id": "t5_28vigg_t3_qb1rz7_t1_hhallsg", "creation": 1634684547, "origin": "t5_28vigg_t3_qb1rz7", "height": 1, "replied_to": "t5_28vigg_t3_qb1rz7", "down_vote": 0, "up_vote": 2, "social_network": "reddit", "replies_charged": false, "no_replies": false, "user": "Cacti4Cuddles", "text": "Overdosed on citalopram, 2 months's worth. My heart stopped for a while, which is what led to the brain damage.", "permalink": "/r/Suicidal_Thoughts/comments/qb1rz7/has_anyone_in_here_attempted_suicide_and_survived/hhallsg/"}