{"id": "t5_28vigg_t3_qb1rz7_t1_hh7dcco", "creation": 1634624970, "origin": "t5_28vigg_t3_qb1rz7", "height": 1, "replied_to": "t5_28vigg_t3_qb1rz7", "down_vote": 0, "up_vote": 2, "social_network": "reddit", "replies_charged": false, "no_replies": false, "user": "hunting-my-own-skin", "text": "I tried to kill myself during a psychotic break  a couple days ago(despite doing better lately). I woke up 40 hours later and have cuts all over my face, a cracked jaw and a concussion. I feel terrible. I regret it but now everything feels worse again and I just feel totally disassociated and broken.", "permalink": "/r/Suicidal_Thoughts/comments/qb1rz7/has_anyone_in_here_attempted_suicide_and_survived/hh7dcco/"}