{"id": "t5_28vigg_t3_qb1rz7_t1_hha0188", "creation": 1634675261, "origin": "t5_28vigg_t3_qb1rz7", "height": 1, "replied_to": "t5_28vigg_t3_qb1rz7", "down_vote": 0, "up_vote": 2, "social_network": "reddit", "replies_charged": false, "no_replies": false, "user": "KobraByte15", "text": "I survived multiple times. I\u2019ve tried to shoot myself before and the gun was on safety, I was too scared to try a second time after that. I also tried to hang myself from a door frame with a belt, I passed out and eventually the belt slipped and I woke up on the floor. Sometimes I\u2019m glad I failed and sometimes I wish I succeeded.", "permalink": "/r/Suicidal_Thoughts/comments/qb1rz7/has_anyone_in_here_attempted_suicide_and_survived/hha0188/"}