{"id": "t5_28vigg_t3_qb1rz7_t1_hh7n8i0", "creation": 1634633866, "origin": "t5_28vigg_t3_qb1rz7", "height": 1, "replied_to": "t5_28vigg_t3_qb1rz7", "down_vote": 0, "up_vote": 2, "social_network": "reddit", "replies_charged": false, "no_replies": false, "user": "Cacti4Cuddles", "text": "I don't necessarily regret attempting, but regret the consequences of my failure - I was left with brain damage which badly affected my memory and had a minor effect on my motor skills and speech. That was 12 years ago, and not had the guts to try again despite actually being in a worse condition than back then.", "permalink": "/r/Suicidal_Thoughts/comments/qb1rz7/has_anyone_in_here_attempted_suicide_and_survived/hh7n8i0/"}