{"id": "t5_28vigg_t3_qb1rz7_t1_hh6sxcq", "creation": 1634611818, "origin": "t5_28vigg_t3_qb1rz7", "height": 1, "replied_to": "t5_28vigg_t3_qb1rz7", "down_vote": 0, "up_vote": 3, "social_network": "reddit", "replies_charged": false, "no_replies": false, "user": "Broken_Aries", "text": "My closest friend and family members know I\u2019ve struggled with suicidal thoughts for years. I\u2019ve gotten therapy. Did the medications. I\u2019m now a mom and married and I\u2019m losing it. Always taking care of everyone else and people always say \u201cI know I\u2019m being selfish, but don\u2019t do it cause I can\u2019t handle that.\u201d My own parents told me \u201cyou\u2019re being weak.\u201d My own husband has always said \u201cyou\u2019ll never do it.\u201d", "permalink": "/r/Suicidal_Thoughts/comments/qb1rz7/has_anyone_in_here_attempted_suicide_and_survived/hh6sxcq/"}