{"id": "t5_28vigg_t3_qb1rz7_t1_hh98p2m", "creation": 1634664525, "origin": "t5_28vigg_t3_qb1rz7", "height": 1, "replied_to": "t5_28vigg_t3_qb1rz7", "down_vote": 0, "up_vote": 3, "social_network": "reddit", "replies_charged": false, "no_replies": false, "user": "ikuMoom", "text": "I tried suicide when i was 14 yrs. I got a really sharp blade and tried to cut my wrist when no one was home. It hurt so much that i panicked and called my older brother.\n\nWe couldn't afford a hospital, so my brother got some medical stuff we had around the house and did his best to stop the bleeding  and to make bandages. Even tho it hurt like hell, it was not deep enough that i would have died from it.\n\nThat day, my brother forced me to follow him to work. At the time, my brother worked at a cleaning place. So the day I attempted suicide was also the day I cleaned a 7 yrs abandoned apartment.\n\nIt was kinda life changing for me. I became way different since that day.\n\nI still feel depressed in a way, because I never really were able to follow through with my bipolar treatment.\n\nBut not dying that day, at least made me find something that could possibly be worth living for", "permalink": "/r/Suicidal_Thoughts/comments/qb1rz7/has_anyone_in_here_attempted_suicide_and_survived/hh98p2m/"}