{"id": "t5_28vigg_t3_qb1rz7_t1_hh72b1l", "creation": 1634616964, "origin": "t5_28vigg_t3_qb1rz7", "height": 1, "replied_to": "t5_28vigg_t3_qb1rz7", "down_vote": 0, "up_vote": 5, "social_network": "reddit", "replies_charged": false, "no_replies": false, "user": "LifeFukinSucks", "text": "Survived. Only regret not picking a better place to overdose so nobody would\u2019ve found me. Not a fun experience. Next time I\u2019ll go with a gun.", "permalink": "/r/Suicidal_Thoughts/comments/qb1rz7/has_anyone_in_here_attempted_suicide_and_survived/hh72b1l/"}