{"id": "t5_28vigg_t3_qb1rz7_t1_hhcjl14", "creation": 1634728466, "origin": "t5_28vigg_t3_qb1rz7", "height": 1, "replied_to": "t5_28vigg_t3_qb1rz7", "down_vote": 0, "up_vote": 1, "social_network": "reddit", "replies_charged": false, "no_replies": false, "user": "overzealousx", "text": "I did, it was all nice and better afterwards, saw beauty in small things. Hace lost that rn hence why Im here lol", "permalink": "/r/Suicidal_Thoughts/comments/qb1rz7/has_anyone_in_here_attempted_suicide_and_survived/hhcjl14/"}