{"id": "t5_28vigg_t3_qb1rz7_t1_hh85tu7", "creation": 1634647547, "origin": "t5_28vigg_t3_qb1rz7", "height": 1, "replied_to": "t5_28vigg_t3_qb1rz7", "down_vote": 0, "up_vote": 2, "social_network": "reddit", "replies_charged": false, "no_replies": false, "user": "Rhi_Ravioli", "text": "I\u2019ve tried like 8 times, I used to regret that I\u2019ve failed but now I\u2019m so happy I did fail. There was a reason i didn\u2019t die each time", "permalink": "/r/Suicidal_Thoughts/comments/qb1rz7/has_anyone_in_here_attempted_suicide_and_survived/hh85tu7/"}