{"id": "t5_28vigg_t3_qb1rz7_t1_hhaldhq", "creation": 1634684435, "origin": "t5_28vigg_t3_qb1rz7", "height": 1, "replied_to": "t5_28vigg_t3_qb1rz7", "down_vote": 0, "up_vote": 2, "social_network": "reddit", "replies_charged": false, "no_replies": false, "user": "just_a_taylor_fan", "text": "I truly hope you pass peacefully in your sleep as soon as. possible so ur misery can end. I\u2019m so sorry you suffered brain damage. If you don\u2019t mind me asking what method did you use, please share with us so we know which one not to use.", "permalink": "/r/Suicidal_Thoughts/comments/qb1rz7/has_anyone_in_here_attempted_suicide_and_survived/hhaldhq/"}