{"id": "t5_28vigg_t3_qb1rz7_t1_hhgdwdq", "creation": 1634790676, "origin": "t5_28vigg_t3_qb1rz7", "height": 1, "replied_to": "t5_28vigg_t3_qb1rz7", "down_vote": 0, "up_vote": 1, "social_network": "reddit", "replies_charged": false, "no_replies": false, "user": "removeghostyface", "text": "i hung myself a couple weeks ago (belt broke after i passed out). not a fun way to go btw. but i\u2019m not sure yet if i regret it or not- haven\u2019t gotten time to think about it between work and sleep. i\u2019ll let you know tho!", "permalink": "/r/Suicidal_Thoughts/comments/qb1rz7/has_anyone_in_here_attempted_suicide_and_survived/hhgdwdq/"}