{"id": "t5_28vigg_t3_qb1rz7_t1_hh6sf5b", "creation": 1634611562, "origin": "t5_28vigg_t3_qb1rz7", "height": 1, "replied_to": "t5_28vigg_t3_qb1rz7", "down_vote": 0, "up_vote": 3, "social_network": "reddit", "replies_charged": false, "no_replies": false, "user": "mrpopalopdous", "text": "I still have suicidal tendencies but im lucky I got given help afterwards by alot of people helped me out ot", "permalink": "/r/Suicidal_Thoughts/comments/qb1rz7/has_anyone_in_here_attempted_suicide_and_survived/hh6sf5b/"}