{"id": "t5_28vigg_t3_qb1rz7_t1_hhamnsc", "creation": 1634685048, "origin": "t5_28vigg_t3_qb1rz7", "height": 1, "replied_to": "t5_28vigg_t3_qb1rz7", "down_vote": 0, "up_vote": 2, "social_network": "reddit", "replies_charged": false, "no_replies": false, "user": "just_a_taylor_fan", "text": "wow that\u2019s so scary, I thought overdosing was usually looked upon as a painless method with the occasional vomiting and chest pain if failed. but i never imagined overdosing could cause brain damage. I wish there was like a painless death pill we could take. Also, question: do you still want to attempt? or are you too scared to now? If there was a completely 100% success rate method would u do it?", "permalink": "/r/Suicidal_Thoughts/comments/qb1rz7/has_anyone_in_here_attempted_suicide_and_survived/hhamnsc/"}