{"id": "t5_28vigg_t3_qb1rz7_t1_hhap9g2", "creation": 1634686258, "origin": "t5_28vigg_t3_qb1rz7", "height": 1, "replied_to": "t5_28vigg_t3_qb1rz7", "down_vote": 0, "up_vote": 2, "social_network": "reddit", "replies_charged": false, "no_replies": false, "user": "just_a_taylor_fan", "text": "I really badly want to attempt but it\u2019s not death that scares me, it\u2019s failing and surviving. I love reddit cuz it\u2019s the only place where I can be open without raising concerns. I have thought about jumping from London bridge into the thames, but I just know once I get there I won\u2019t have the courage to jump and it\u2019s so frustrating cuz i wish i did. ugh! if you know of any painless methods please let me know. and also, let me know ur thoughts on drowning as a method. of course it would be somewhat painful but it seems like a fast way to go and i don\u2019t have access to prescribed pill or guns.", "permalink": "/r/Suicidal_Thoughts/comments/qb1rz7/has_anyone_in_here_attempted_suicide_and_survived/hhap9g2/"}