{"id": "t5_28vigg_t3_qb1rz7_t1_hhao04u", "creation": 1634685680, "origin": "t5_28vigg_t3_qb1rz7", "height": 1, "replied_to": "t5_28vigg_t3_qb1rz7", "down_vote": 0, "up_vote": 2, "social_network": "reddit", "replies_charged": false, "no_replies": false, "user": "Cacti4Cuddles", "text": "I believe I would. The fear of messing up again and getting even worse is a big deterrent currently. With that said, often when I am sufficiently suicidal to make an attempt, I am so devoid of energy that I can't even sit up in my bes, so.... That's a thing.", "permalink": "/r/Suicidal_Thoughts/comments/qb1rz7/has_anyone_in_here_attempted_suicide_and_survived/hhao04u/"}