{"id": "t5_28vigg_t3_ovsm4p_t1_h7cs216", "creation": 1627851367, "origin": "t5_28vigg_t3_ovsm4p", "height": 1, "replied_to": "t5_28vigg_t3_ovsm4p", "down_vote": 0, "up_vote": 2, "social_network": "reddit", "replies_charged": false, "no_replies": false, "user": "TiredCeresian", "text": "I wrote a note explaining that I wasn't doing it for me, and that I knew how much of a burden I had been on my friends and family. My hope was that they would understand. Unfortunately someone found me before I was fully dead, and now half of the people in my life act like I don't exist.", "permalink": "/r/Suicidal_Thoughts/comments/ovsm4p/is_it_best_to_leave_suicide_notes/h7cs216/"}