{"id": "t5_28vigg_t3_ovsm4p_t1_h7cbjsc", "creation": 1627843496, "origin": "t5_28vigg_t3_ovsm4p", "height": 1, "replied_to": "t5_28vigg_t3_ovsm4p", "down_vote": 0, "up_vote": 3, "social_network": "reddit", "replies_charged": false, "no_replies": false, "user": "Ecstatic-Jaguar-4707", "text": "I would leave a note. After someone commits suicide, their loved ones constantly ask why. If a note is left, maybe that will at least relieve some questions. \n\nIt will not help the pain of your loved ones, it just helps with the questioning of why it happened.", "permalink": "/r/Suicidal_Thoughts/comments/ovsm4p/is_it_best_to_leave_suicide_notes/h7cbjsc/"}