{"id": "t5_28vigg_t3_ovsm4p_t1_h7bebz7", "creation": 1627827917, "origin": "t5_28vigg_t3_ovsm4p", "height": 1, "replied_to": "t5_28vigg_t3_ovsm4p", "down_vote": 0, "up_vote": 3, "social_network": "reddit", "replies_charged": false, "no_replies": false, "user": "Evening-Trouble467", "text": "I also want to suicide\u2026 but I am always thinking what If there is hope and life will change only for me \u2026 will it worth killing myself \u2026. Sometimes I just delay it to see what will happen to me tomorrow it is a new day \u2026 think about it we will die at the end life is temporary whatever happens if it is very painful we will die we will die at the end ..: let\u2019s wait \u2026 just be curious what will happen to you tomorrow\u2026 I am not saying this because my life is good I would like to die now and I tried to suicide multiple times but I said to myself what if the whole world will change \u2026 hang on there man \u2026 we Will all going to die after 10 20 30 years \nMaybe after one day do not do it stay and be curious what will happen tomorrow", "permalink": "/r/Suicidal_Thoughts/comments/ovsm4p/is_it_best_to_leave_suicide_notes/h7bebz7/"}