{"id": "t5_28vigg_t3_qfphal_t1_hi1640u", "creation": 1635195074, "origin": "t5_28vigg_t3_qfphal", "height": 1, "replied_to": "t5_28vigg_t3_qfphal", "down_vote": 0, "up_vote": 2, "social_network": "reddit", "replies_charged": false, "no_replies": false, "user": "mrpopalopdous", "text": "Hopefully it doesn't you seem like a cool person but its your choice and as much as I'd like to i can't stop you or stop how you are feeling and at the end of the day its not up to me is it was nice meeting you though thank you for the short talk", "permalink": "/r/Suicidal_Thoughts/comments/qfphal/wrote_2_suicide_notes/hi1640u/"}