{"id": "t5_28vigg_t3_q45ym7_t1_hge9b4f", "creation": 1634069148, "origin": "t5_28vigg_t3_q45ym7", "height": 1, "replied_to": "t5_28vigg_t3_q45ym7", "down_vote": 0, "up_vote": 1, "social_network": "reddit", "replies_charged": false, "no_replies": false, "user": "Smurf-the-adventurer", "text": "It\u2019s to hard to face solo. It\u2019s so difficult. I think I\u2019m always going to be alone. The friends that I do have (2) are moving on with their own lives and so I have no one to really talk to. My family also have their own things", "permalink": "/r/Suicidal_Thoughts/comments/q45ym7/how_do_i_talk_to_my_friend_and_be_open_about_my/hge9b4f/"}