{"id": "t5_28vigg_t3_q45ym7_t1_hfwk4bc", "creation": 1633728444, "origin": "t5_28vigg_t3_q45ym7", "height": 1, "replied_to": "t5_28vigg_t3_q45ym7", "down_vote": 0, "up_vote": 2, "social_network": "reddit", "replies_charged": false, "no_replies": false, "user": "Smurf-the-adventurer", "text": "He is the closest person in my life, I don\u2019t know if he feels the same, maybe I put him to high on a pedestal but he\u2019s having his own issues abs I don\u2019t want to bring him down. Just want to share that I\u2019m finding things tough atm", "permalink": "/r/Suicidal_Thoughts/comments/q45ym7/how_do_i_talk_to_my_friend_and_be_open_about_my/hfwk4bc/"}