{"id": "t5_28vigg_t3_q45ym7_t1_hfwj7jy", "creation": 1633728057, "origin": "t5_28vigg_t3_q45ym7", "height": 1, "replied_to": "t5_28vigg_t3_q45ym7", "down_vote": 0, "up_vote": 3, "social_network": "reddit", "replies_charged": false, "no_replies": false, "user": "Ruben_offmychest", "text": "it's really hard. Honesty i would say, try to find someone you can trust.Many people just freak out and don't listen anything else when you tell them you have suicidal thoughts.\n\nI would advice you to tell them in two times. First, something like \"Hey there's something I want to tell you about, maybe we could decide a moment when you're okay to talk with me\" :) So they can prepare themselves be more calm and relaxed when you tell them.\n\nI don't know your friend but I really hope it'll be okay and safe. take care of yourself", "permalink": "/r/Suicidal_Thoughts/comments/q45ym7/how_do_i_talk_to_my_friend_and_be_open_about_my/hfwj7jy/"}