{"id": "t5_28vigg_t3_q45ym7_t1_hfwkmj6", "creation": 1633728657, "origin": "t5_28vigg_t3_q45ym7", "height": 1, "replied_to": "t5_28vigg_t3_q45ym7", "down_vote": 0, "up_vote": 3, "social_network": "reddit", "replies_charged": false, "no_replies": false, "user": "Ruben_offmychest", "text": "The way you talk about him, you really seem very close. A friend once told me \"Talk with me. I'd rather listen to you for hours and hours than come to your funerals\" I'm quite sure he cares about how you feel.\n\nI think if you ever can't go out of all those suicidal thoughts, it will probably be more a burden for him. I think you can totally tell him :)\n\nI know this isnt easy, take your time for this. stay safe", "permalink": "/r/Suicidal_Thoughts/comments/q45ym7/how_do_i_talk_to_my_friend_and_be_open_about_my/hfwkmj6/"}