{"id": "t5_28vigg_t3_q45ym7_t1_hg2a708", "creation": 1633837122, "origin": "t5_28vigg_t3_q45ym7", "height": 1, "replied_to": "t5_28vigg_t3_q45ym7", "down_vote": 0, "up_vote": 2, "social_network": "reddit", "replies_charged": false, "no_replies": false, "user": "Forg3tM3Not", "text": "Such a terrible feeling, I feel it all the time too, like those who I think are close to me would not want to hear about my personal battles. Been rolling solo for a while now with my thoughts.", "permalink": "/r/Suicidal_Thoughts/comments/q45ym7/how_do_i_talk_to_my_friend_and_be_open_about_my/hg2a708/"}