{"id": "t5_28vigg_t3_o4e3m1_t1_h3eakzs", "creation": 1624934470, "origin": "t5_28vigg_t3_o4e3m1", "height": 1, "replied_to": "t5_28vigg_t3_o4e3m1", "down_vote": 0, "up_vote": 1, "social_network": "reddit", "replies_charged": false, "no_replies": false, "user": "sombody_", "text": "Ok. Kid first learn how to spell. Then, maybe get fucking therapy because like\u2026.no. And only then come at me for acting freaked out about people helping each other with dying", "permalink": "/r/Suicidal_Thoughts/comments/o4e3m1/painless_suicide_method_pls/h3eakzs/"}