{"id": "t5_28vigg_t3_o4e3m1_t1_h2id4iq", "creation": 1624254845, "origin": "t5_28vigg_t3_o4e3m1", "height": 1, "replied_to": "t5_28vigg_t3_o4e3m1", "down_vote": 0, "up_vote": -1, "social_network": "reddit", "replies_charged": false, "no_replies": false, "user": "clef921", "text": "Shooting yourself most of the time is extremely painful because most of the time your brain doesn't get destroyed immediately, so it would be the most agonizing expirence. There is also a chance that you survive, which would leave the rest of your life to be even worse. The best way to die is to live your life and die old.", "permalink": "/r/Suicidal_Thoughts/comments/o4e3m1/painless_suicide_method_pls/h2id4iq/"}