{"id": "t5_28vigg_t3_o4e3m1_t1_h2ypyow", "creation": 1624598118, "origin": "t5_28vigg_t3_o4e3m1", "height": 1, "replied_to": "t5_28vigg_t3_o4e3m1", "down_vote": 0, "up_vote": 3, "social_network": "reddit", "replies_charged": false, "no_replies": false, "user": "HPheroincraft", "text": "I mean tbh I\u2019ve thought about it if you tie a bed sheet around your neck as tight as you can and then nail it as high on your wall as you can and put on some music and then make sure it\u2019s taught and drift away and hope no one finds you and try\u2019s to save you bc going to long with out o2 to the brain can leave you a vegetable but I own shit so if I wanna ever kill my self I\u2019m sure a 9mm or 556 will be enough to silence everything I\u2019ve lost enough ppl that like when it comes down to it who else would miss me I don\u2019t have family I don\u2019t have friends everyone I\u2019ve grown close to has either passed away or found out how unbearable I am to have in their lives and I can\u2019t blame them it must just be me so I\u2019m sure this world would just be gaining more then it has with me at least my body can be like turned into food for bugs and shit or something idfk but anyway idk why I commented on this but maybe this is just where I post my goodbye to this world shit can be beautiful at times and fucking dark in others I hope ppl understand why if there\u2019s anyone I\u2019m not thinking of in my life who happens to care but idk on that note goodbye and goodnight world", "permalink": "/r/Suicidal_Thoughts/comments/o4e3m1/painless_suicide_method_pls/h2ypyow/"}