{"id": "t5_28vigg_t3_o4e3m1_t1_h3th20e", "creation": 1625241662, "origin": "t5_28vigg_t3_o4e3m1", "height": 1, "replied_to": "t5_28vigg_t3_o4e3m1", "down_vote": 0, "up_vote": 0, "social_network": "reddit", "replies_charged": false, "no_replies": false, "user": "clef921", "text": "80% of suicide acts are impulsive events, 90% of the people who failed commiting suicide did not try doing that again after they are rescued. If someone is hanging on an edge due to circumstances they couldn't control, you don't go give them a push, you drag them back up so they can have another chance to think. \n\nNow, if a person had a terminal illness that they know they won't recover from, it make sense for them to choose a dignified end for themselves. However, if that illness is treatable, you shouldn't lie to them that they have no hope and should just give up.\n\nI don't know what you went through that led you to that conclusion, but I hope  you can change your view one day.", "permalink": "/r/Suicidal_Thoughts/comments/o4e3m1/painless_suicide_method_pls/h3th20e/"}