{"id": "t5_28vigg_t3_o4e3m1_t1_h5yq6wz", "creation": 1626841591, "origin": "t5_28vigg_t3_o4e3m1", "height": 1, "replied_to": "t5_28vigg_t3_o4e3m1", "down_vote": 0, "up_vote": 1, "social_network": "reddit", "replies_charged": false, "no_replies": false, "user": "sombody_", "text": "If I see somebody putting someone else in danger I will point it out. And so can you if you don\u2019t agree with me but I still post what I consider to be right", "permalink": "/r/Suicidal_Thoughts/comments/o4e3m1/painless_suicide_method_pls/h5yq6wz/"}