{"id": "t5_28vigg_t3_o4e3m1_t1_h3tro3v", "creation": 1625245887, "origin": "t5_28vigg_t3_o4e3m1", "height": 1, "replied_to": "t5_28vigg_t3_o4e3m1", "down_vote": 0, "up_vote": 2, "social_network": "reddit", "replies_charged": false, "no_replies": false, "user": "Citrus-Milk", "text": "life is not for everyone regardless of whether they have a mental illness or not. i do not depression, despite what anyone may say, i am not affected by any terminal choice. but i have realized i do not enjoy the act of living. i cannot kill myself, but i should be able to. some people do not have hope. you are the liar.", "permalink": "/r/Suicidal_Thoughts/comments/o4e3m1/painless_suicide_method_pls/h3tro3v/"}