{"id": "t5_28vigg_t3_o4e3m1_t1_h3e6qoh", "creation": 1624932419, "origin": "t5_28vigg_t3_o4e3m1", "height": 1, "replied_to": "t5_28vigg_t3_o4e3m1", "down_vote": 0, "up_vote": 8, "social_network": "reddit", "replies_charged": false, "no_replies": false, "user": "Citrus-Milk", "text": "shut the fuck up. people like you are the reason we don't have a right to die with dignity worldwide. i appreciate you do what you think is right, but you have no fucking idea what op has gone through. op could've been raped, lost loved ones, and in the future even worse things could happen. worse things could happen to you. i'm not saying you shouldn't try to help suicidal people but if someone knows they want to die, people coming in like \"nOO dOn't I lOVe yoU\". you don't love them. you don't know them. some people know when they should die and we should let them. but the stigma against suicide makes it hard to do so.", "permalink": "/r/Suicidal_Thoughts/comments/o4e3m1/painless_suicide_method_pls/h3e6qoh/"}