{"id": "t5_28vigg_t3_o4e3m1_t1_h3ebbkp", "creation": 1624934846, "origin": "t5_28vigg_t3_o4e3m1", "height": 1, "replied_to": "t5_28vigg_t3_o4e3m1", "down_vote": 0, "up_vote": 1, "social_network": "reddit", "replies_charged": false, "no_replies": false, "user": "Citrus-Milk", "text": ">makes fun of me for not being able to spell\n\n>tells me to get therapy\n\nfaux kindness just proves my point asshole, quit acting like you care about strangers and just learn to respect they're wishes", "permalink": "/r/Suicidal_Thoughts/comments/o4e3m1/painless_suicide_method_pls/h3ebbkp/"}