{"id": "t5_28vigg_t3_o4e3m1_t1_h87swl9", "creation": 1628459621, "origin": "t5_28vigg_t3_o4e3m1", "height": 1, "replied_to": "t5_28vigg_t3_o4e3m1", "down_vote": 0, "up_vote": 1, "social_network": "reddit", "replies_charged": false, "no_replies": false, "user": "sombody_", "text": "I agree with that only if it\u2019s a critical medical situation (mental or physical) otherwise I think people need to get over themselves or get help", "permalink": "/r/Suicidal_Thoughts/comments/o4e3m1/painless_suicide_method_pls/h87swl9/"}