{"id": "t5_28vigg_t3_o4e3m1_t1_h7p0gg1", "creation": 1628094564, "origin": "t5_28vigg_t3_o4e3m1", "height": 1, "replied_to": "t5_28vigg_t3_o4e3m1", "down_vote": 0, "up_vote": 1, "social_network": "reddit", "replies_charged": false, "no_replies": false, "user": "sombody_", "text": "thankyou for your assumptions about my life, interesting thought but I have my opinions on \"too far gone\" and you have yours, I am not going to argue with a stranger who has a whole different perspective, if you want to discuss whatever it is you are coming at me for, there are DMs otherwise bye", "permalink": "/r/Suicidal_Thoughts/comments/o4e3m1/painless_suicide_method_pls/h7p0gg1/"}