{"id": "t5_28vigg_t3_o4e3m1_t1_hhrwn90", "creation": 1635017974, "origin": "t5_28vigg_t3_o4e3m1", "height": 1, "replied_to": "t5_28vigg_t3_o4e3m1", "down_vote": 0, "up_vote": 1, "social_network": "reddit", "replies_charged": false, "no_replies": false, "user": "Uranimus", "text": "I think YOU need to get over yourself. If you think everyone contemplating suicide hasn't tried to \"get help,\" think the fuck again. \"Get over themselves or get help,\" what a fucked up thing to say to someone who wants to kill themselves.", "permalink": "/r/Suicidal_Thoughts/comments/o4e3m1/painless_suicide_method_pls/hhrwn90/"}