{"id": "t5_28vigg_t3_o4e3m1_t1_h2trvj5", "creation": 1624491494, "origin": "t5_28vigg_t3_o4e3m1", "height": 1, "replied_to": "t5_28vigg_t3_o4e3m1", "down_vote": 0, "up_vote": 1, "social_network": "reddit", "replies_charged": false, "no_replies": false, "user": "IPrimeHD", "text": "H2S as known as Hyrdogen Sulfide. It smells like rotten egg. If you have 100ppm or something over it, you can suicide. I prefer you to take sleeping pills too and block your room air vent to prevent air flow. If your city has a industrial area or something like that. You can ask some welders to get it. I get mines from them.", "permalink": "/r/Suicidal_Thoughts/comments/o4e3m1/painless_suicide_method_pls/h2trvj5/"}