{"id": "t5_28vigg_t3_o4e3m1_t1_h3e6x2v", "creation": 1624932514, "origin": "t5_28vigg_t3_o4e3m1", "height": 1, "replied_to": "t5_28vigg_t3_o4e3m1", "down_vote": 0, "up_vote": 2, "social_network": "reddit", "replies_charged": false, "no_replies": false, "user": "Citrus-Milk", "text": "nah be careful with strangling, could put you in a vegetative state with some \"saviors\" going \"thank god you're still alive\" a shame not all places don't have easier to get a right to die", "permalink": "/r/Suicidal_Thoughts/comments/o4e3m1/painless_suicide_method_pls/h3e6x2v/"}