{"id": "t5_28vigg_t3_o4e3m1_t1_h2ur548", "creation": 1624511396, "origin": "t5_28vigg_t3_o4e3m1", "height": 1, "replied_to": "t5_28vigg_t3_o4e3m1", "down_vote": 0, "up_vote": 1, "social_network": "reddit", "replies_charged": false, "no_replies": false, "user": "sombody_", "text": "Hey\u2026wether You made up ur mind or not there are better choices and this shit is stupid and chaotic, if you want Helo reach out, but asking strangers for ways to die..?", "permalink": "/r/Suicidal_Thoughts/comments/o4e3m1/painless_suicide_method_pls/h2ur548/"}