{"id": "t5_28vigg_t3_o4e3m1_t1_h3e74qd", "creation": 1624932624, "origin": "t5_28vigg_t3_o4e3m1", "height": 1, "replied_to": "t5_28vigg_t3_o4e3m1", "down_vote": 0, "up_vote": 4, "social_network": "reddit", "replies_charged": false, "no_replies": false, "user": "Citrus-Milk", "text": "fuck off, if someone asks for suicide methods give it to them. i along with others realize that life isn't for us. it doesn't make us any worse than you. if you want to die, you should be able to in a dignified, painless, and efficent manner with friends and family nearby. unfortunately op has to do it this way but i hope they find a good way.", "permalink": "/r/Suicidal_Thoughts/comments/o4e3m1/painless_suicide_method_pls/h3e74qd/"}