{"id": "t5_28vigg_t3_o4e3m1_t1_h4ehpk0", "creation": 1625693851, "origin": "t5_28vigg_t3_o4e3m1", "height": 1, "replied_to": "t5_28vigg_t3_o4e3m1", "down_vote": 0, "up_vote": 7, "social_network": "reddit", "replies_charged": false, "no_replies": false, "user": "TheMagicManX", "text": "Pure helium. Not the 90% that they sell at walmart. Get a huge garbage bag over your head, pump it full of helium, and tape it around your neck. You won't feel like you're smothering like you would with co2. Make sure no one will find you overnight, just to make sure. If you can access sleeping aids, take a crap ton before hand so you won't wake up. Sorry. I'll see you on the other side. I'm going to use a shotgun personally. It's a sure fire method. I'm gonna do it tonight probably. If there's a hell, look for me, we will hang out.", "permalink": "/r/Suicidal_Thoughts/comments/o4e3m1/painless_suicide_method_pls/h4ehpk0/"}