{"id": "t5_28vigg_t3_o4e3m1_t1_h2krv1f", "creation": 1624307296, "origin": "t5_28vigg_t3_o4e3m1", "height": 1, "replied_to": "t5_28vigg_t3_o4e3m1", "down_vote": 0, "up_vote": 1, "social_network": "reddit", "replies_charged": false, "no_replies": false, "user": "winnie_loves_u", "text": "just keep trying the strangling one. if you keep doing that for 5-10 seconds and you should lose consciousness before death", "permalink": "/r/Suicidal_Thoughts/comments/o4e3m1/painless_suicide_method_pls/h2krv1f/"}