{"id": "t5_28vigg_t3_o4e3m1_t1_h3e7d70", "creation": 1624932746, "origin": "t5_28vigg_t3_o4e3m1", "height": 1, "replied_to": "t5_28vigg_t3_o4e3m1", "down_vote": 0, "up_vote": 1, "social_network": "reddit", "replies_charged": false, "no_replies": false, "user": "Citrus-Milk", "text": "op there's a website called lost all hope that lists a lot of ways. good luck. i hope you a peaceful exit. i'm sorry you can't do it in a dignified or legal manner.", "permalink": "/r/Suicidal_Thoughts/comments/o4e3m1/painless_suicide_method_pls/h3e7d70/"}