{"id": "t5_28vigg_t3_o4e3m1_t1_h2ksrii", "creation": 1624307709, "origin": "t5_28vigg_t3_o4e3m1", "height": 1, "replied_to": "t5_28vigg_t3_o4e3m1", "down_vote": 0, "up_vote": 1, "social_network": "reddit", "replies_charged": false, "no_replies": false, "user": "Expensive_Fig_3381", "text": "Ive been trying 2 ways first just cutting of circulation by squeezing and that seems to be really good i got really close once, also i somtimes try push my throat in with my fingers and that somtimes makes it hard to breath witch could work", "permalink": "/r/Suicidal_Thoughts/comments/o4e3m1/painless_suicide_method_pls/h2ksrii/"}