{"id": "t5_28vigg_t3_o4e3m1_t1_h2ictuq", "creation": 1624254601, "origin": "t5_28vigg_t3_o4e3m1", "height": 1, "replied_to": "t5_28vigg_t3_o4e3m1", "down_vote": 0, "up_vote": 1, "social_network": "reddit", "replies_charged": false, "no_replies": false, "user": "clef921", "text": "DM me anytime if you want to talk.\n\nTake a shower, go to bed, cry until you can't, or don't if there's no more tears. Scream, loud as you can. Curse, hardest you can. Run around, jump, until you are so tires that you have to go to sleep. \n\nThere is no painless way to die. \n\nBecause you are a precious artifact of 6 million years of evolution history.\n\nYour ancestors fights, dies, repeats in those 6 million years to equip you with all these mechanisms for you to LIVE.\n\nYou are a human with more capebility then all other species on earth.\n\nAnd most importantly, you are loved.\n\nIt doesn't seem this way right now,\nbut I can assure you that you will be loved sometimes in the future,\n\nyou were loved sometimes in the past,\n\nso let those loves carry you in being human.\n\nAs for right now, you can be damn sure that you are at least loved by me.", "permalink": "/r/Suicidal_Thoughts/comments/o4e3m1/painless_suicide_method_pls/h2ictuq/"}