{"id": "t5_28vigg_t3_o4e3m1_t1_h2juwe5", "creation": 1624292531, "origin": "t5_28vigg_t3_o4e3m1", "height": 1, "replied_to": "t5_28vigg_t3_o4e3m1", "down_vote": 0, "up_vote": 1, "social_network": "reddit", "replies_charged": false, "no_replies": false, "user": "Expensive_Fig_3381", "text": "Theres not many tall buildings in my area. I have tried stramgling myself but it doesnt seem to be working i keep trying tho", "permalink": "/r/Suicidal_Thoughts/comments/o4e3m1/painless_suicide_method_pls/h2juwe5/"}