{"id": "t5_28vigg_t3_o4e3m1_t1_h79d2hc", "creation": 1627777034, "origin": "t5_28vigg_t3_o4e3m1", "height": 1, "replied_to": "t5_28vigg_t3_o4e3m1", "down_vote": 0, "up_vote": 1, "social_network": "reddit", "replies_charged": false, "no_replies": false, "user": "Evening-Trouble467", "text": "Any new method\u2026 I want to do it \u2026 I have lots of zoloft pills along with sleeping pills as well \u2026 will that do the job", "permalink": "/r/Suicidal_Thoughts/comments/o4e3m1/painless_suicide_method_pls/h79d2hc/"}