{"id": "t5_28vigg_t3_o4e3m1_t1_h7kpn0k", "creation": 1628011492, "origin": "t5_28vigg_t3_o4e3m1", "height": 1, "replied_to": "t5_28vigg_t3_o4e3m1", "down_vote": 0, "up_vote": 1, "social_network": "reddit", "replies_charged": false, "no_replies": false, "user": "orion101901", "text": "You probably live a happier life then. Having to be the empath that watches friends die shows you that our laws are retarded. If you think that everyone should live, you have a really fucked up idea of suffering. Some people are too far gone and in far to much pain to give a rats ass about your opinions. Some are addicted to all the drugs they can possess, and have lost everything. As sad as you can imagine, and much worse happens to some of these people every day. Be understanding towards someones wish to die and be forgotten. Nothing you can say will stop someone whos heard it all.", "permalink": "/r/Suicidal_Thoughts/comments/o4e3m1/painless_suicide_method_pls/h7kpn0k/"}