{"id": "t5_28vigg_t3_o4e3m1_t1_h5jfs8a", "creation": 1626545279, "origin": "t5_28vigg_t3_o4e3m1", "height": 1, "replied_to": "t5_28vigg_t3_o4e3m1", "down_vote": 0, "up_vote": 1, "social_network": "reddit", "replies_charged": false, "no_replies": false, "user": "SasukahUchacha", "text": "Using bedsheets as a substitute for rope isn't reliable at cutting off airflow to the brain. You'd need to form the bedsheets into a roll thick enough like a rope and tie it around your neck for any chance of success. The thinner the bedsheet around your neck, the more likely it will end up as a failed suicide.\n\nHopefully in your next life you'll be happier.", "permalink": "/r/Suicidal_Thoughts/comments/o4e3m1/painless_suicide_method_pls/h5jfs8a/"}