{"id": "t5_28vigg_t3_qfsbbo_t1_hi1uo63", "creation": 1635205873, "origin": "t5_28vigg_t3_qfsbbo", "height": 1, "replied_to": "t5_28vigg_t3_qfsbbo", "down_vote": 0, "up_vote": 2, "social_network": "reddit", "replies_charged": false, "no_replies": false, "user": "Suicidalpineapple420", "text": "There will be a day down the road or even sometime soon that will remind you about of why you still choose to go on ! Have to stay to be able to get to that day . If you leave , it\u2019ll never come .", "permalink": "/r/Suicidal_Thoughts/comments/qfsbbo/can_someone_give_me_at_least_1_reason_to_live_ive/hi1uo63/"}