{"id": "t5_28vigg_t3_qfsbbo_t1_hi1pdkz", "creation": 1635203430, "origin": "t5_28vigg_t3_qfsbbo", "height": 1, "replied_to": "t5_28vigg_t3_qfsbbo", "down_vote": 0, "up_vote": 2, "social_network": "reddit", "replies_charged": false, "no_replies": false, "user": "Lilaroos", "text": "If you have pets, imagine them never being happy again because you\u2019re gone. If you don\u2019t, imagine the people who knew you questioning why and beating themselves up never forgiving themselves because they\u2019ll always be thinking if they could\u2019ve done something to stop you.\n\n\nAs well as, have you ever tried petting a lama? Or a koala? Or swam with dolphins? If you haven\u2019t \nGods damnit go do that because u can\u2019t die without having done that", "permalink": "/r/Suicidal_Thoughts/comments/qfsbbo/can_someone_give_me_at_least_1_reason_to_live_ive/hi1pdkz/"}