{"id": "t5_28vigg_t3_ok9p6q_t1_h57gxxk", "creation": 1626301629, "origin": "t5_28vigg_t3_ok9p6q", "height": 1, "replied_to": "t5_28vigg_t3_ok9p6q", "down_vote": 0, "up_vote": 3, "social_network": "reddit", "replies_charged": false, "no_replies": false, "user": "leojjohnson200", "text": "I\u2019m gonna come back to this, i dont really want a funeral but every other point you made is extremely valid. I am adopted and my parents now aren\u2019t t great, I do have my girlfriend and her mother who love me, I\u2019m just struggling. I\u2019m gonna push through and try to get through some upcoming obstacles. Thank you for this really, I appreciate you giving me a sense of reality instead of the typical \u201cpeople love you dont do it\u201d sort of stuff. I really appreciate that. I have attempted multiple times the build up this time just felt like too much. I\u2019ll go for a little longer. Thank you\u2764\ufe0f", "permalink": "/r/Suicidal_Thoughts/comments/ok9p6q/painless_suicide_methods_and_gifts_i_can_leave/h57gxxk/"}