{"id": "t5_28vigg_t3_ok9p6q_t1_h65jblg", "creation": 1626976947, "origin": "t5_28vigg_t3_ok9p6q", "height": 1, "replied_to": "t5_28vigg_t3_ok9p6q", "down_vote": 0, "up_vote": 1, "social_network": "reddit", "replies_charged": false, "no_replies": false, "user": "NarwhalBitter7098", "text": "I've done the tying the plastic bag and going to sleep, but someone was calling my phone and I answered cause I was annoyed I couldn't sleep", "permalink": "/r/Suicidal_Thoughts/comments/ok9p6q/painless_suicide_methods_and_gifts_i_can_leave/h65jblg/"}