{"id": "t5_28vigg_t3_ok9p6q_t1_h57ga70", "creation": 1626301304, "origin": "t5_28vigg_t3_ok9p6q", "height": 1, "replied_to": "t5_28vigg_t3_ok9p6q", "down_vote": 0, "up_vote": 5, "social_network": "reddit", "replies_charged": false, "no_replies": false, "user": "Earthdaybaby422", "text": "Sleeping pills. But as someone that has lived through a failed suicide. I watched what i did destroy my family. I deal with the aftermath a decade later. So just think about that and be sure before you check out. Because you\u2019re going to be taking people down with you. It sounds like you have people that care about you if you want to leave gifts. So be really sure. Gifts will not help people feel any better about you killing yourself. But if you\u2019re gonna do it maybe a letter and a photo or some piece of jewelry or for example a seashell you and your mom found at the beach. You can say remember when we found this...blah blah blah. Idk. I feel like killing yourself is a long term solution. Theres gotta be some help for you. Things change. Meeting new people or a new medication or something could change your life altogether. I\u2019ve wanted to kill myself every day. I\u2019ve had migraines every freaking day for 18yrs, and an auto immune disease and fibromyalgia which makes everything extremely painful. Then got run over by a car. I take 13 medications a day to function about 1/5 of a normal person. I cant be fixed. But my dog would go to the pound and my parents and sisters and niece and nephews would be destroyed. They\u2019ll always be sad. Every Christmas every birthday, mothers day fathers day etc. be sure there\u2019s absolutely nothing that can fix you and that you wont be giving everyone else anxiety and depression bc of it. Also as covid is still going on. The funeral situation is still being held up. People are sitting in freezers a lot longer. No place to store so many bodies, families not getting a little closure bc of it. My friend is a funeral director. Its hard times in their department. Anyways. Just some stuff to think about. If you care about these people you\u2019re leaving gifts to. This will Fk their lives up. Good luck with whatever you decide though", "permalink": "/r/Suicidal_Thoughts/comments/ok9p6q/painless_suicide_methods_and_gifts_i_can_leave/h57ga70/"}