{"id": "t5_28vigg_t3_ok9p6q_t1_hacffug", "creation": 1629927075, "origin": "t5_28vigg_t3_ok9p6q", "height": 1, "replied_to": "t5_28vigg_t3_ok9p6q", "down_vote": 0, "up_vote": 1, "social_network": "reddit", "replies_charged": false, "no_replies": false, "user": "leojjohnson200", "text": "Thank you very much! You gave me some extra time and I loved every second of it but unfortunately my book has closed. I may see you and all the others in the next life. Take care :)", "permalink": "/r/Suicidal_Thoughts/comments/ok9p6q/painless_suicide_methods_and_gifts_i_can_leave/hacffug/"}