{"id": "t5_28vigg_t3_ok9p6q_t1_h5t2ey0", "creation": 1626733822, "origin": "t5_28vigg_t3_ok9p6q", "height": 1, "replied_to": "t5_28vigg_t3_ok9p6q", "down_vote": 0, "up_vote": 2, "social_network": "reddit", "replies_charged": false, "no_replies": false, "user": "Yugochild", "text": "I've considered mixing alcohol with sleeping pills, tying a plastic bag around my head and going to sleep. I've not tried it tho", "permalink": "/r/Suicidal_Thoughts/comments/ok9p6q/painless_suicide_methods_and_gifts_i_can_leave/h5t2ey0/"}