{"id": "t5_28vigg_t3_ok9p6q_t1_hapxlhy", "creation": 1630180285, "origin": "t5_28vigg_t3_ok9p6q", "height": 1, "replied_to": "t5_28vigg_t3_ok9p6q", "down_vote": 0, "up_vote": 1, "social_network": "reddit", "replies_charged": false, "no_replies": false, "user": null, "text": "Mind telling us how you are doing it? You should know better yourself that there are people like you as well. Please tell me how are you doing it and how you procure the items you need etc.", "permalink": "/r/Suicidal_Thoughts/comments/ok9p6q/painless_suicide_methods_and_gifts_i_can_leave/hapxlhy/"}