{"id": "t5_28vigg_t3_ok9p6q_t1_h9ktceh", "creation": 1629405323, "origin": "t5_28vigg_t3_ok9p6q", "height": 1, "replied_to": "t5_28vigg_t3_ok9p6q", "down_vote": 0, "up_vote": 2, "social_network": "reddit", "replies_charged": false, "no_replies": false, "user": "762expert", "text": "Bro I don\u2019t have no rent money this month and I\u2019m getting threatened to get kicked out the pandemic has been hard, I can not be homeless and I don\u2019t have anyone\u2026I\u2019m gunna do it tonight", "permalink": "/r/Suicidal_Thoughts/comments/ok9p6q/painless_suicide_methods_and_gifts_i_can_leave/h9ktceh/"}