{"id": "t5_28vigg_t3_ok9p6q_t1_h57hn2b", "creation": 1626301976, "origin": "t5_28vigg_t3_ok9p6q", "height": 1, "replied_to": "t5_28vigg_t3_ok9p6q", "down_vote": 0, "up_vote": 2, "social_network": "reddit", "replies_charged": false, "no_replies": false, "user": "Earthdaybaby422", "text": "You\u2019re very welcome. Hang in there. If you can. I joined a depression and anxiety group on Facebook thats very helpful to me. And also a chronic pain group. I dont feel like a lot of people can understand these kind of issues. But they\u2019re out there. I just found this on reddit today. I have a lot of depression from my ailments. Its hard to hang on. Hopefully its a rough patch for the both of us and we push on through. I got my dog because he\u2019s my tether to the world. Someone that wont fk me over and will love me no matter how much i fail at every thing. Anyways, find something to hold onto for as long as you can\ud83d\udc95", "permalink": "/r/Suicidal_Thoughts/comments/ok9p6q/painless_suicide_methods_and_gifts_i_can_leave/h57hn2b/"}