{"id": "t5_28vigg_t3_ok9p6q_t1_h8th9o6", "creation": 1628881944, "origin": "t5_28vigg_t3_ok9p6q", "height": 1, "replied_to": "t5_28vigg_t3_ok9p6q", "down_vote": 0, "up_vote": 1, "social_network": "reddit", "replies_charged": false, "no_replies": false, "user": "bamboakl", "text": "I don't think this is true. According to google doses of 30mg can be \"harmful\" but not deadly even at that dosage. You'll probably just get really ill.", "permalink": "/r/Suicidal_Thoughts/comments/ok9p6q/painless_suicide_methods_and_gifts_i_can_leave/h8th9o6/"}