{"id": "t5_28vigg_t3_ok9p6q_t1_h7d6b1p", "creation": 1627858410, "origin": "t5_28vigg_t3_ok9p6q", "height": 1, "replied_to": "t5_28vigg_t3_ok9p6q", "down_vote": 0, "up_vote": 1, "social_network": "reddit", "replies_charged": false, "no_replies": false, "user": "sammafaen222", "text": "Wait no, 10g melatonin would kill 100 people. Anything over 15mg is lethal hehe. I meant 10g caffeine is lethal", "permalink": "/r/Suicidal_Thoughts/comments/ok9p6q/painless_suicide_methods_and_gifts_i_can_leave/h7d6b1p/"}