{"id": "t5_28vigg_t3_ok9p6q_t1_h8u5pzx", "creation": 1628891606, "origin": "t5_28vigg_t3_ok9p6q", "height": 1, "replied_to": "t5_28vigg_t3_ok9p6q", "down_vote": 0, "up_vote": 1, "social_network": "reddit", "replies_charged": false, "no_replies": false, "user": "ny33nyaw", "text": "yea i researched as well. im gonna overdose on my antipsychotics and antidepressants as well as melatonin. that should work", "permalink": "/r/Suicidal_Thoughts/comments/ok9p6q/painless_suicide_methods_and_gifts_i_can_leave/h8u5pzx/"}