{"id": "t5_28vigg_t3_ok9p6q_t1_h9jav56", "creation": 1629382883, "origin": "t5_28vigg_t3_ok9p6q", "height": 1, "replied_to": "t5_28vigg_t3_ok9p6q", "down_vote": 0, "up_vote": 2, "social_network": "reddit", "replies_charged": false, "no_replies": false, "user": "762expert", "text": "I\u2019m going to hang myself today, too bad I can\u2019t tell you how it feels, even if it hurts who cares", "permalink": "/r/Suicidal_Thoughts/comments/ok9p6q/painless_suicide_methods_and_gifts_i_can_leave/h9jav56/"}