{"id": "t5_28vigg_t3_ok9p6q_t1_h7vmgbh", "creation": 1628210745, "origin": "t5_28vigg_t3_ok9p6q", "height": 1, "replied_to": "t5_28vigg_t3_ok9p6q", "down_vote": 0, "up_vote": 1, "social_network": "reddit", "replies_charged": false, "no_replies": false, "user": "sammafaen222", "text": "yeah, imagine consuming that much tho, cup of coffee is what, 60-80mg? I would puke way before it would kill me", "permalink": "/r/Suicidal_Thoughts/comments/ok9p6q/painless_suicide_methods_and_gifts_i_can_leave/h7vmgbh/"}