{"id": "t5_28vigg_t3_ok9p6q_t1_h7d6kco", "creation": 1627858542, "origin": "t5_28vigg_t3_ok9p6q", "height": 1, "replied_to": "t5_28vigg_t3_ok9p6q", "down_vote": 0, "up_vote": 1, "social_network": "reddit", "replies_charged": false, "no_replies": false, "user": "sammafaen222", "text": "Very rare to die from caffeine OD. Its been a thought, i got 70 servings of PWO, which should do it, but thats a alot, i often drink 1000mg+ a day, and thats already too much", "permalink": "/r/Suicidal_Thoughts/comments/ok9p6q/painless_suicide_methods_and_gifts_i_can_leave/h7d6kco/"}