{"id": "t5_28vigg_t3_ok9p6q_t1_hh8d3yp", "creation": 1634651225, "origin": "t5_28vigg_t3_ok9p6q", "height": 1, "replied_to": "t5_28vigg_t3_ok9p6q", "down_vote": 0, "up_vote": 1, "social_network": "reddit", "replies_charged": false, "no_replies": false, "user": "itznotsh4ne", "text": "In my guess it probably does. Because it chokes you to death. I do know the easiest painless way to go out it a gun to the head, or falling 10+ stories from a tall building.", "permalink": "/r/Suicidal_Thoughts/comments/ok9p6q/painless_suicide_methods_and_gifts_i_can_leave/hh8d3yp/"}