{"id": "t5_28vigg_t3_q7fl9j_t1_hgrr6il", "creation": 1634323221, "origin": "t5_28vigg_t3_q7fl9j", "height": 1, "replied_to": "t5_28vigg_t3_q7fl9j", "down_vote": 0, "up_vote": 1, "social_network": "reddit", "replies_charged": false, "no_replies": false, "user": "redandorangeapples", "text": "That sucks.\n\nCar accident would probably be the easiest to fake, but there is probably a high risk of failure.\n\nApparently death by nitrogen is undetectable though, even with an autopsy. I think it's perfectly legal to purchase, so you just put a bag over your head and pump it in. You would need a way to get rid of the materials before you are found though.", "permalink": "/r/Suicidal_Thoughts/comments/q7fl9j/how_to_commit_suicide_that_looks_like_accidental/hgrr6il/"}