{"id": "t5_28vigg_t3_q7fl9j_t1_hgkmcc1", "creation": 1634183940, "origin": "t5_28vigg_t3_q7fl9j", "height": 1, "replied_to": "t5_28vigg_t3_q7fl9j", "down_vote": 0, "up_vote": 2, "social_network": "reddit", "replies_charged": false, "no_replies": false, "user": "StrangerNorth377", "text": "They literally will go there every account u have made up n check for shit like this if it is fishy at all. So u just guaranteed it won\u2019t cover it. Fuck if u die in a car accident tomorrow it won\u2019t because u researched this. But car accidents, accidents look them up, make urself have an accident. Only way", "permalink": "/r/Suicidal_Thoughts/comments/q7fl9j/how_to_commit_suicide_that_looks_like_accidental/hgkmcc1/"}