{"id": "t5_28vigg_t3_q7fl9j_t1_hgr2j3e", "creation": 1634313129, "origin": "t5_28vigg_t3_q7fl9j", "height": 1, "replied_to": "t5_28vigg_t3_q7fl9j", "down_vote": 0, "up_vote": 1, "social_network": "reddit", "replies_charged": false, "no_replies": false, "user": "redandorangeapples", "text": "From what I understand, most life insurances actually do cover suicide, as long as the person has had the insurance for a year or two.", "permalink": "/r/Suicidal_Thoughts/comments/q7fl9j/how_to_commit_suicide_that_looks_like_accidental/hgr2j3e/"}