{"id": "t5_28vigg_t3_odwcjp_t1_h43zugp", "creation": 1625474493, "origin": "t5_28vigg_t3_odwcjp", "height": 1, "replied_to": "t5_28vigg_t3_odwcjp", "down_vote": 0, "up_vote": 3, "social_network": "reddit", "replies_charged": false, "no_replies": false, "user": "unorginalsexybitch", "text": "I was just about to also say this. I am autistic, dyslexic, and ADHD. I am a truck driver for the military because I scored an 89 on my entry exams. But even though I scored so high and I'm an amazing driver all the test I had to do after my entry exams I failed. I never let that discourage me. I had people who saw how kind, funny, and my hard work. So they sat me down and taught me the curriculum. Even tho I was 19 they helped me because they understood I was someone worth it. It's been 3 years since I failed my exams but I passed after months of training. I'm now the best Driver we have even though I'm still doubted due to being a women( comes with the territory). I hope this short story will help you.  If you ever wanna talk I'm here. \u2764", "permalink": "/r/Suicidal_Thoughts/comments/odwcjp/for_my_suicide_what_to_do_on_the_days_leading_up/h43zugp/"}