{"id": "t5_28vigg_t3_odwcjp_t1_h43b9e1", "creation": 1625455065, "origin": "t5_28vigg_t3_odwcjp", "height": 1, "replied_to": "t5_28vigg_t3_odwcjp", "down_vote": 0, "up_vote": 0, "social_network": "reddit", "replies_charged": false, "no_replies": false, "user": "Shakespeare-Bot", "text": "Maketh a mini bucket list \u2764 and writeth letters f'r family so they knoweth yond this is what thee did want\n\n***\n\n\n\n^(I am a bot and I swapp'd some of thy words with Shakespeare words.)\n\nCommands: `!ShakespeareInsult`, `!fordo`, `!optout`", "permalink": "/r/Suicidal_Thoughts/comments/odwcjp/for_my_suicide_what_to_do_on_the_days_leading_up/h43b9e1/"}