{"id": "t5_28vigg_t3_odwcjp_t1_h4eq23g", "creation": 1625697518, "origin": "t5_28vigg_t3_odwcjp", "height": 1, "replied_to": "t5_28vigg_t3_odwcjp", "down_vote": 0, "up_vote": 1, "social_network": "reddit", "replies_charged": false, "no_replies": false, "user": "funnyscreename", "text": "Everyone is hiring right now. It's actually a good time to find a job where you fit in and are happy. You can always kill yourself next year. Happy birthday.", "permalink": "/r/Suicidal_Thoughts/comments/odwcjp/for_my_suicide_what_to_do_on_the_days_leading_up/h4eq23g/"}