{"id": "t5_28vigg_t3_odwcjp_t1_h42z46a", "creation": 1625446995, "origin": "t5_28vigg_t3_odwcjp", "height": 1, "replied_to": "t5_28vigg_t3_odwcjp", "down_vote": 0, "up_vote": 1, "social_network": "reddit", "replies_charged": false, "no_replies": false, "user": "mrpopalopdous", "text": "I know you probably don't want to hear it but learning disabilities aren't that important in the way of employment ive worked with many people who have things like autism and they have been some of the most capable hardest working folks I've seen and very friendly too", "permalink": "/r/Suicidal_Thoughts/comments/odwcjp/for_my_suicide_what_to_do_on_the_days_leading_up/h42z46a/"}