{"id": "t5_28vigg_t3_odwcjp_t1_h43b8gv", "creation": 1625455049, "origin": "t5_28vigg_t3_odwcjp", "height": 1, "replied_to": "t5_28vigg_t3_odwcjp", "down_vote": 0, "up_vote": 1, "social_network": "reddit", "replies_charged": false, "no_replies": false, "user": "Organic-Stress-4489", "text": "Make a mini bucket list \u2764 and write letters for family so they know that this is what you wanted", "permalink": "/r/Suicidal_Thoughts/comments/odwcjp/for_my_suicide_what_to_do_on_the_days_leading_up/h43b8gv/"}