{"id": "t5_28vigg_t3_odwcjp_t1_h4mvihb", "creation": 1625865391, "origin": "t5_28vigg_t3_odwcjp", "height": 1, "replied_to": "t5_28vigg_t3_odwcjp", "down_vote": 0, "up_vote": 1, "social_network": "reddit", "replies_charged": false, "no_replies": false, "user": "WanTanno223", "text": "i would soak a simple $250,000 out of my entire future life in medical debt just to help me discover life again thru a doctor if i felt this way. u cant lose more than u gained if u just ask for some perspective on something that even u dont know about yet, your future self.. if it were impossible to live thru it, nobody would be doing it. ur killing ur own confidence even tho u are still here with tons of other people on earth", "permalink": "/r/Suicidal_Thoughts/comments/odwcjp/for_my_suicide_what_to_do_on_the_days_leading_up/h4mvihb/"}