{"id": "t5_28vigg_t3_odwcjp_t1_h42zd04", "creation": 1625447151, "origin": "t5_28vigg_t3_odwcjp", "height": 1, "replied_to": "t5_28vigg_t3_odwcjp", "down_vote": 0, "up_vote": 9, "social_network": "reddit", "replies_charged": false, "no_replies": false, "user": null, "text": "Do everything you\u2019ve always wanted to do but been too afraid to do. The consequences won\u2019t matter anymore", "permalink": "/r/Suicidal_Thoughts/comments/odwcjp/for_my_suicide_what_to_do_on_the_days_leading_up/h42zd04/"}