{"id": "t5_28vigg_t3_p579vg_t1_h949ghg", "creation": 1629087642, "origin": "t5_28vigg_t3_p579vg", "height": 1, "replied_to": "t5_28vigg_t3_p579vg", "down_vote": 0, "up_vote": 7, "social_network": "reddit", "replies_charged": false, "no_replies": false, "user": "charwhee", "text": "Your thinking and questions around committing suicide seem sound to me. If someone takes it seriously, then they're not going to reflexively discount it with some hackneyed slogan. Taking it seriously demands a serious hearing, something I think we rarely get. People, often young people, who are thinking about suicide are labeled as depressed or mentally ill or chemically imbalanced. The one place where you should be able to talk it out, in therapy, actually becomes perilous in this sense. \n\nWhat it seems like you're asking is for someone to listen to what is driving you to consider suicide, and affirm that things are real and valid, and to admit that this decision may not be entirely baseless or merely emotional shenanigans. From my point of view, if the individual can't think through their own suicidal thoughts, they are stuck, because (and here I think I should speak from my own experience) one of the biggest drivers for myself, is not feeling like I have positive agency in the world, that I am at the mercy of and have no control over big things that are happening (like the overwhelming problems you named above). \n\nSo while I can't say whether suicide is a good or a bad decision for you, I don't think it's fruitless to think (and feel) deeply about it. There's really no way around it, even if you decide to move forward (even for just a day) and  live your life, you have to consider the alternative and make a choice. You are real. You exist. You have a choice. You reached out. What you think, say, do, it matters, even if just to yourself, that is enough.", "permalink": "/r/Suicidal_Thoughts/comments/p579vg/thoughts_on_suicide_as_a_valid_option/h949ghg/"}