{"id": "t5_28vigg_t3_p579vg_t1_h94xd8i", "creation": 1629105612, "origin": "t5_28vigg_t3_p579vg", "height": 1, "replied_to": "t5_28vigg_t3_p579vg", "down_vote": 0, "up_vote": 3, "social_network": "reddit", "replies_charged": false, "no_replies": false, "user": "ResponsibleCareer313", "text": "This should be printed out in an article and posted on Psychology today, extremely well verbalised. I very much dislike how pressured suicidal people are not to be suicidal, or at least not to demonstrate it because it doesn\u2019t correspond with the normality and healthiness of modern 1st world lifestyle. The fact someone finds happiness in general simple pleasures like having a family, friends, job and basically has nothing \u201cobjective\u201d to complain about, does and should not mean that this is enough for every single individual to be happy or to keep going, because that\u2019s how society set up the criteria for happiness.\n\nWhen you mentioned that hope can cloud the mind, it\u2019s a wonderful metaphor how reciprocal the dynamics is of suicidal ideation compared to the ideation of normality. Hope can put people in a limbo of thinking things got better and that will always be this way in the future. The truth is - it won\u2019t. Seeing the climate and political environment in the past few years, we\u2019re experiencing a noticeable downhill of events. Together with the sociological changes of how relationships work nowadays and the lack of compassion, selflessness and commitment, I dare to say that everyone who doesn\u2019t perceive the changes is a simple ignorant like mules with their eyes blind sighted. Not everyone is affected by the changes, but those lucky one have absolutely zero right to define what is normal and what is not, what\u2019s is desirable and what is not. \n\nWith the current emphasis on unlimited independence, it\u2019s yet frown upon to count suicide as an option to decide independently about your own life. Or to become a monk in the woods without seeing anyone. Independence is a social construct to manipulate people into not holding accountability for their actions they inflict on other people\u2019s lives.\nIf someone hurts a person really bad, in a mental way, it\u2019s always the one who is being hurt who gets labelled as unstable, emotional, hysterical, drama queen and mentally ill, for expressing their bad mental state someone else has inflicted on them, just because they acted \u201cin order to make themselves happy\u201d disregarding how unhappy they made the other person. Hence the current social climate will excuse the one who hurt someone else rather than the person who wants to escape getting hurt again and the pain by taking their own life that they are 100% entitled to. No one else is entitled to judge, comment, mock or persuade others to decide on their lives being ended or not.", "permalink": "/r/Suicidal_Thoughts/comments/p579vg/thoughts_on_suicide_as_a_valid_option/h94xd8i/"}