{"id": "t5_28vigg_t3_p579vg_t1_h94u1go", "creation": 1629102766, "origin": "t5_28vigg_t3_p579vg", "height": 1, "replied_to": "t5_28vigg_t3_p579vg", "down_vote": 0, "up_vote": 5, "social_network": "reddit", "replies_charged": false, "no_replies": false, "user": "malcontent92", "text": "Good post and valid questions. Here's some of my thoughts:\n\nI think the general attitude towards suicide is all kinds of biased. People bend over backwards trying to find irrationality in suicidal people but completely fail to notice how much irrationality is involved in most \"healthy\" lives. For them almost any amount of hope always trumps over any amount of current suffering and future risk. They don't see that hope can cloud the mind just as much as fear or despair can.\n\nI think this comes at least partly from simple worldview defense. Suicide devalues everyone's lives by revealing the lack of objective meaning and value of life. Admitting that suicide is a valid option might well open people up to existential crises of their own.\n\nBut since everyone that's mentally ill is considered irrational (and everyone's that's suicidal is considered mentally ill), their thoughts and feelings can be safely ignored.\n\nWithout using the medical language of mental illness and just looking at what living actually involves, it becomes pretty clear that suicide is a perfectly valid option for many people. There's a lot of bad stuff about life (some of which you mentioned) and there's no way that at least some lives aren't just by bad luck going to contain so much bad that it would make life not worth living. I'm fairly sure that the number of lives that are bad enough to make suicide a reasonable thing to consider is actually orders of magnitude higher than the number of people that actually end up committing suicide. We're biologically and psychologically biased against suicide so we persist even if our quality of life is very low.", "permalink": "/r/Suicidal_Thoughts/comments/p579vg/thoughts_on_suicide_as_a_valid_option/h94u1go/"}