{"id": "t5_2ilkpt_t3_own79d_t1_h7gz9cj", "creation": 1627936563, "origin": "t5_2ilkpt_t3_own79d", "height": 1, "replied_to": "t5_2ilkpt_t3_own79d", "down_vote": 0, "up_vote": 2, "social_network": "reddit", "replies_charged": false, "no_replies": false, "user": "RedditCareResources", "text": "If you\u2019d like to stop receiving messages from u/RedditCareResources, reply to the last message you received with \u201cSTOP\u201d or you can block this user profile and you won\u2019t hear from us again. (If you\u2019d like to get messages from us in the future, you can visit your Chat & Messaging settings and remove u/RedditCareResources from the list of people you\u2019ve blocked.)", "permalink": "/r/u_RedditCareResources/comments/own79d/get_support_for_yourself_or_other_people/h7gz9cj/"}