{"id": "t5_28vigg_t3_phlqtc_t1_hbwmdwz", "creation": 1630999496, "origin": "t5_28vigg_t3_phlqtc", "height": 1, "replied_to": "t5_28vigg_t3_phlqtc", "down_vote": 0, "up_vote": 1, "social_network": "reddit", "replies_charged": false, "no_replies": false, "user": "ptsd_warrior", "text": "Do you know for sure that when you leave your body, with traditional suicide, that you won't take your memories with you?", "permalink": "/r/Suicidal_Thoughts/comments/phlqtc/if_you_had_the_option_to_end_your_current_life/hbwmdwz/"}