{"id": "t5_28vigg_t3_phlqtc_t1_hbwmdus", "creation": 1630999494, "origin": "t5_28vigg_t3_phlqtc", "height": 1, "replied_to": "t5_28vigg_t3_phlqtc", "down_vote": 0, "up_vote": 2, "social_network": "reddit", "replies_charged": false, "no_replies": false, "user": "callamoura", "text": "Well I feel like there are people who aren\u2019t necessarily suicidal but still have a lot of grief (like paying lifelong debts, stress, bad work conditions) who would probably like to start a new life", "permalink": "/r/Suicidal_Thoughts/comments/phlqtc/if_you_had_the_option_to_end_your_current_life/hbwmdus/"}