{"id": "t5_28vigg_t3_phlqtc_t1_hbravkj", "creation": 1630892767, "origin": "t5_28vigg_t3_phlqtc", "height": 1, "replied_to": "t5_28vigg_t3_phlqtc", "down_vote": 0, "up_vote": 2, "social_network": "reddit", "replies_charged": false, "no_replies": false, "user": "callamoura", "text": "Wouldn\u2019t a lot of people like to do this? There\u2019s only very few people who have a perfect life and the ones that don\u2019t would not hesitate to take this offer", "permalink": "/r/Suicidal_Thoughts/comments/phlqtc/if_you_had_the_option_to_end_your_current_life/hbravkj/"}