{"id": "t5_28vigg_t3_phlqtc_t1_hbwm95u", "creation": 1630999385, "origin": "t5_28vigg_t3_phlqtc", "height": 1, "replied_to": "t5_28vigg_t3_phlqtc", "down_vote": 0, "up_vote": 1, "social_network": "reddit", "replies_charged": false, "no_replies": false, "user": "ptsd_warrior", "text": "I'm wondering myself how many would. In particular, if someone is seriously considering suicide and nearly attempting. How many would be open to an alternative suicide, on this earth, within this life, before committing to leaving their body permanently? \n\nThe idea is inspired by my personal experience.", "permalink": "/r/Suicidal_Thoughts/comments/phlqtc/if_you_had_the_option_to_end_your_current_life/hbwm95u/"}