{"id": "t5_28vigg_t3_ot8h67_t1_h6v0lac", "creation": 1627497264, "origin": "t5_28vigg_t3_ot8h67", "height": 1, "replied_to": "t5_28vigg_t3_ot8h67", "down_vote": 0, "up_vote": 1, "social_network": "reddit", "replies_charged": false, "no_replies": false, "user": "1986Mira", "text": "Sorry to hear that you've had this experience. Please be assured that those taking part in our study will not have any information about them shared with anyone. Confidentiality and consent is explained within the participant information sheet.", "permalink": "/r/Suicidal_Thoughts/comments/ot8h67/academic_research_study_looking_to_hear_from/h6v0lac/"}