{"id": "t5_28vigg_t3_p4urn2_t1_h94b3jp", "creation": 1629088633, "origin": "t5_28vigg_t3_p4urn2", "height": 1, "replied_to": "t5_28vigg_t3_p4urn2", "down_vote": 0, "up_vote": 3, "social_network": "reddit", "replies_charged": false, "no_replies": false, "user": "charwhee", "text": "I sometimes feel like I want to walk through a door and not exist. Not exactly the same, but not entirely different. You want out of an impossible situation, but don't have a good exit, or   or you would violate some belief about how you should act, or let down someone you love. So if someone came along and shot you in the head, it would solve a lot of problems. You wouldn't have to make any hard decisions, or disappoint yourself or someone else. Considering suicide is normal when your back is against the wall or if you've just been enduring a situation that seems like it can't go on. It doesn't mean that it's a good option, but it lets you know how bad things have gotten and you need to do something. Stop. Leave. Get help. Stuff like that.", "permalink": "/r/Suicidal_Thoughts/comments/p4urn2/is_this_suicidal_or_just_normal/h94b3jp/"}