{"id": "t5_28vigg_t3_p4urn2_t1_h9gg4jh", "creation": 1629322510, "origin": "t5_28vigg_t3_p4urn2", "height": 1, "replied_to": "t5_28vigg_t3_p4urn2", "down_vote": 0, "up_vote": 2, "social_network": "reddit", "replies_charged": false, "no_replies": false, "user": "RoyalratMafia", "text": "Apathy towards life is totally normal.  Much love friend.  Thats the best way to be, not afraid of death. \u201cWe are dead the second we are born\u201d.  Once you realize that, you can do anything and be unafraid", "permalink": "/r/Suicidal_Thoughts/comments/p4urn2/is_this_suicidal_or_just_normal/h9gg4jh/"}