{"id": "t5_28vigg_t3_p4urn2_t1_h91mgub", "creation": 1629043775, "origin": "t5_28vigg_t3_p4urn2", "height": 1, "replied_to": "t5_28vigg_t3_p4urn2", "down_vote": 0, "up_vote": 6, "social_network": "reddit", "replies_charged": false, "no_replies": false, "user": "Screamingartist", "text": "Yes, I'll show up at the funeral and every one will be confused and Ill just start speaking Minecraft enchanting table and resurrect you", "permalink": "/r/Suicidal_Thoughts/comments/p4urn2/is_this_suicidal_or_just_normal/h91mgub/"}