{"id": "t5_28vigg_t3_p4urn2_t1_h94qhxs", "creation": 1629099797, "origin": "t5_28vigg_t3_p4urn2", "height": 1, "replied_to": "t5_28vigg_t3_p4urn2", "down_vote": 0, "up_vote": 2, "social_network": "reddit", "replies_charged": false, "no_replies": false, "user": "TwoGroundbreaking573", "text": "Yea I totally feel the same way! I kinda just don\u2019t care about my life anymore but I\u2019m currently not trying to end it. I just let pain happen to me cus I feel mentally detached from my body", "permalink": "/r/Suicidal_Thoughts/comments/p4urn2/is_this_suicidal_or_just_normal/h94qhxs/"}