{"id": "t5_28vigg_t3_noc4r2_t1_gzzw24d", "creation": 1622397665, "origin": "t5_28vigg_t3_noc4r2", "height": 1, "replied_to": "t5_28vigg_t3_noc4r2", "down_vote": 0, "up_vote": 4, "social_network": "reddit", "replies_charged": false, "no_replies": false, "user": "gereksizmahluk", "text": "A goodbye to my long forgotten friends and love of my life in their mother tongues, I sadly can't remember what exactly was written in there, but there's translator i guess", "permalink": "/r/Suicidal_Thoughts/comments/noc4r2/it_was_my_suicide_note_just_wanted_people_to_know/gzzw24d/"}