{"id": "t5_28vigg_t3_p1hhdu_t1_h9n0iao", "creation": 1629448011, "origin": "t5_28vigg_t3_p1hhdu", "height": 1, "replied_to": "t5_28vigg_t3_p1hhdu", "down_vote": 0, "up_vote": 3, "social_network": "reddit", "replies_charged": false, "no_replies": false, "user": "Mythsteryx", "text": "I\u2019ve only gotten dms from people trying to help me feel better, which I extremely appreciated. I hope things get better for you.", "permalink": "/r/Suicidal_Thoughts/comments/p1hhdu/quick_and_painless_suicide_methods/h9n0iao/"}