{"id": "t5_28vigg_t3_p1hhdu_t1_h8p2dzk", "creation": 1628798757, "origin": "t5_28vigg_t3_p1hhdu", "height": 1, "replied_to": "t5_28vigg_t3_p1hhdu", "down_vote": 0, "up_vote": 2, "social_network": "reddit", "replies_charged": false, "no_replies": false, "user": "Pickle_RickC-137", "text": "I tried you haven't responded yet don't know if I should have mentioned it here first but I too just want to peacefully slip away", "permalink": "/r/Suicidal_Thoughts/comments/p1hhdu/quick_and_painless_suicide_methods/h8p2dzk/"}