{"id": "t5_28vigg_t3_p8dwpj_t1_h9pslzo", "creation": 1629496453, "origin": "t5_28vigg_t3_p8dwpj", "height": 1, "replied_to": "t5_28vigg_t3_p8dwpj", "down_vote": 0, "up_vote": 3, "social_network": "reddit", "replies_charged": false, "no_replies": false, "user": "softIover", "text": "I think it's called suicidal ideation either ways I totally relate with everything you said, thinking or even imagining your death even though you don't think you'd ever do it because of a CAUSE stopping you still is.pretty serious and yea wish we could get the help we need", "permalink": "/r/Suicidal_Thoughts/comments/p8dwpj/how_do_you_know_when_suicidal_thoughts_are_serious/h9pslzo/"}