{"id": "t5_28vigg_t3_p8dwpj_t1_h9v7aka", "creation": 1629601495, "origin": "t5_28vigg_t3_p8dwpj", "height": 1, "replied_to": "t5_28vigg_t3_p8dwpj", "down_vote": 0, "up_vote": 2, "social_network": "reddit", "replies_charged": false, "no_replies": false, "user": "trash-queen666", "text": "I think this is the answer.. when you can't feel anymore and the 1 thing stopping you is no longer around because of your own mistakes.. \n\nI'm just feeling this today", "permalink": "/r/Suicidal_Thoughts/comments/p8dwpj/how_do_you_know_when_suicidal_thoughts_are_serious/h9v7aka/"}