{"id": "t5_28vigg_t3_oxkf79_t1_h7n0jb1", "creation": 1628049613, "origin": "t5_28vigg_t3_oxkf79", "height": 1, "replied_to": "t5_28vigg_t3_oxkf79", "down_vote": 0, "up_vote": 2, "social_network": "reddit", "replies_charged": false, "no_replies": false, "user": "mrpopalopdous", "text": "I would personally just come put with it or start by saying I've been having darker thoughts but then again I've not had much experience with therapist as everyone I've had which is 2 gave up after the first session so I don't know what to say", "permalink": "/r/Suicidal_Thoughts/comments/oxkf79/suicidal_ideation/h7n0jb1/"}