{"id": "t5_28vigg_t3_oxkf79_t1_h7na73p", "creation": 1628055828, "origin": "t5_28vigg_t3_oxkf79", "height": 1, "replied_to": "t5_28vigg_t3_oxkf79", "down_vote": 0, "up_vote": 3, "social_network": "reddit", "replies_charged": false, "no_replies": false, "user": "Gingko23", "text": "Sorry you\u2019ve been struggling more lately. As a therapist, I would recommend bringing it up at the beginning of the next session so you have plenty of time to explore it. You can just let them know you\u2019ve become more worried about your suicidal thoughts and have been thinking about methods and the therapist can take it from there. It\u2019s great you\u2019re going to tell them, as it\u2019s really important for them to know. You don\u2019t have to struggle with this alone.", "permalink": "/r/Suicidal_Thoughts/comments/oxkf79/suicidal_ideation/h7na73p/"}