{"id": "t5_28vigg_t3_qgp98o_t1_hiae42s", "creation": 1635364184, "origin": "t5_28vigg_t3_qgp98o", "height": 1, "replied_to": "t5_28vigg_t3_qgp98o", "down_vote": 0, "up_vote": 1, "social_network": "reddit", "replies_charged": false, "no_replies": false, "user": "KermitBeeze135", "text": "Thank you, I just dont know what to do.. I went to my mom but she just thinks it's my bf.. it's not. It's so much more and it has been for YEARS and she knows this..", "permalink": "/r/Suicidal_Thoughts/comments/qgp98o/ive_been_feeling_depressed_and_have_been_getting/hiae42s/"}