{"id": "t5_28vigg_t3_p4xjsv_t1_h92ppr1", "creation": 1629060457, "origin": "t5_28vigg_t3_p4xjsv", "height": 1, "replied_to": "t5_28vigg_t3_p4xjsv", "down_vote": 0, "up_vote": 2, "social_network": "reddit", "replies_charged": false, "no_replies": false, "user": "percyjdam", "text": "The only way is up, there are thousands of people in the world who, in the future might gain happiness from meeting or becoming friends with you. As well as this there are also loads of people who you can help, whether it be in a small way by making a friend fell better or perhaps helping someone in an unfortunate position. You are never alone in the world.", "permalink": "/r/Suicidal_Thoughts/comments/p4xjsv/considering_suicide/h92ppr1/"}