{"id": "t5_28vigg_t3_p4xjsv_t1_h92jdag", "creation": 1629057748, "origin": "t5_28vigg_t3_p4xjsv", "height": 1, "replied_to": "t5_28vigg_t3_p4xjsv", "down_vote": 0, "up_vote": 1, "social_network": "reddit", "replies_charged": false, "no_replies": false, "user": "methabolism_", "text": "hi thank you for wanting to help me:)c\n\ni know there are people out there who care about me but i just feel like they don't need me anymore, or maybe they never really needed me at all. i don't think my life is worth living if i can't help people or make them happy", "permalink": "/r/Suicidal_Thoughts/comments/p4xjsv/considering_suicide/h92jdag/"}