{"id": "t5_28vigg_t3_p4xjsv_t1_h924cae", "creation": 1629051239, "origin": "t5_28vigg_t3_p4xjsv", "height": 1, "replied_to": "t5_28vigg_t3_p4xjsv", "down_vote": 0, "up_vote": 2, "social_network": "reddit", "replies_charged": false, "no_replies": false, "user": "percyjdam", "text": "I know this sounds cliche, but there are people in your life who care about you and who\u2019s lives you have made better.\n\nIf you ever need to talk to someone my messages are always open", "permalink": "/r/Suicidal_Thoughts/comments/p4xjsv/considering_suicide/h924cae/"}