{"id": "t5_28vigg_t3_p4xjsv_t1_h93j2gm", "creation": 1629073995, "origin": "t5_28vigg_t3_p4xjsv", "height": 1, "replied_to": "t5_28vigg_t3_p4xjsv", "down_vote": 0, "up_vote": 1, "social_network": "reddit", "replies_charged": false, "no_replies": false, "user": "methabolism_", "text": "yeah you're right,, it's just that knowing i might be able to actually help people and do good things if i keep living doesn't make any me less suicidal, i really just want to die and i'm tired", "permalink": "/r/Suicidal_Thoughts/comments/p4xjsv/considering_suicide/h93j2gm/"}