{"id": "t5_28vigg_t3_p4xjsv_t1_h93prnv", "creation": 1629077325, "origin": "t5_28vigg_t3_p4xjsv", "height": 1, "replied_to": "t5_28vigg_t3_p4xjsv", "down_vote": 0, "up_vote": 2, "social_network": "reddit", "replies_charged": false, "no_replies": false, "user": "percyjdam", "text": "Well I am always here if you need to talk to someone and there are plenty of organisations consisting of trained professionals who can help you and support you", "permalink": "/r/Suicidal_Thoughts/comments/p4xjsv/considering_suicide/h93prnv/"}