{"id": "t5_28vigg_t3_p4xjsv_t1_h92kri3", "creation": 1629058350, "origin": "t5_28vigg_t3_p4xjsv", "height": 1, "replied_to": "t5_28vigg_t3_p4xjsv", "down_vote": 0, "up_vote": 1, "social_network": "reddit", "replies_charged": false, "no_replies": false, "user": "methabolism_", "text": "the thing is i'm a pretty useless friend and person and all i do is annoy people and be awful, which is not the only reason why i'm suicidal\n\ni have already been wanting to die for a really long time because of other reasons, and recently realizing i'm useless didn't help.", "permalink": "/r/Suicidal_Thoughts/comments/p4xjsv/considering_suicide/h92kri3/"}