{"id": "t5_28vigg_t3_p4xjsv_t1_h931woc", "creation": 1629065799, "origin": "t5_28vigg_t3_p4xjsv", "height": 1, "replied_to": "t5_28vigg_t3_p4xjsv", "down_vote": 0, "up_vote": 2, "social_network": "reddit", "replies_charged": false, "no_replies": false, "user": "percyjdam", "text": "You are not useless, I can guarantee that. If you ask your close ones , I\u2019m sure they will tell you how much of a positive impact you have had on their lives and how much better you have made them.", "permalink": "/r/Suicidal_Thoughts/comments/p4xjsv/considering_suicide/h931woc/"}