{"id": "t5_28vigg_t3_pctv7t_t1_halk6pk", "creation": 1630094561, "origin": "t5_28vigg_t3_pctv7t", "height": 1, "replied_to": "t5_28vigg_t3_pctv7t", "down_vote": 0, "up_vote": 2, "social_network": "reddit", "replies_charged": false, "no_replies": false, "user": "Minimum_Material1971", "text": "hi, i don\u2019t have a lot of experience in comforting people but let me tell you this. \ndon\u2019t think of ending it all no matter in what situation you are in. you are gonna end up regretting it, you have time to change the situation. maybe this advice could help::\n\n1. first of all you should drop that friend that laughed at you immediately or they\u2019re gonna make the situation worse. \n\n2. making mistakes or getting things wrong in class is totally normal, and if people are looking at you it means they are listening and not judging.\n\n3. if a professor is making you feel dumb you should talk with the principal about that asap(if there\u2019s one)\n\ni\u2019m sorry that you are going through this, also if this didn\u2019t help please contact a professional that can give you better advice.\n\n\ntake care i hope it gets better soon", "permalink": "/r/Suicidal_Thoughts/comments/pctv7t/im_suicidal/halk6pk/"}