{"id": "t5_28vigg_t3_qace1m_t1_hh269ca", "creation": 1634522552, "origin": "t5_28vigg_t3_qace1m", "height": 1, "replied_to": "t5_28vigg_t3_qace1m", "down_vote": 0, "up_vote": 1, "social_network": "reddit", "replies_charged": false, "no_replies": false, "user": "Amygdala1106", "text": "I\u2019m not really sure anyone here can answer such a question, at least, not it such a way that will be fulfilling or satisfactory, or whatever. I would strongly advise you to seek out a professional, as they are going to be familiar, well versed, and trained to handle these sort of inquires.", "permalink": "/r/Suicidal_Thoughts/comments/qace1m/how_do_you_stop_thinking_about_suicide/hh269ca/"}