{"id": "t5_28vigg_t3_qace1m_t1_hh26ca3", "creation": 1634522594, "origin": "t5_28vigg_t3_qace1m", "height": 1, "replied_to": "t5_28vigg_t3_qace1m", "down_vote": 0, "up_vote": 2, "social_network": "reddit", "replies_charged": false, "no_replies": false, "user": "hunting-my-own-skin", "text": "I\u2019m really struggling right now too and understand exactly how that feels. A coping mechanism I\u2019ve used is to take those opportunities as if I planned to live forever. Even if eventually the will be futile, they will be there to offer some sense of purpose.", "permalink": "/r/Suicidal_Thoughts/comments/qace1m/how_do_you_stop_thinking_about_suicide/hh26ca3/"}