{"id": "t5_28vigg_t3_qace1m_t1_hhcblz1", "creation": 1634721935, "origin": "t5_28vigg_t3_qace1m", "height": 1, "replied_to": "t5_28vigg_t3_qace1m", "down_vote": 0, "up_vote": 1, "social_network": "reddit", "replies_charged": false, "no_replies": false, "user": "HulkSmashHulkRegret", "text": "Save for retirement? I don\u2019t know if I\u2019ll be alive by the end of this week! Or next week\u2026 \n\nThis life is a forced labor camp, only we have to do ourselves in, no escape but through death. \n\nWhat was the question?", "permalink": "/r/Suicidal_Thoughts/comments/qace1m/how_do_you_stop_thinking_about_suicide/hhcblz1/"}