{"id": "t5_28vigg_t3_qace1m_t1_hh2qb6w", "creation": 1634533901, "origin": "t5_28vigg_t3_qace1m", "height": 1, "replied_to": "t5_28vigg_t3_qace1m", "down_vote": 0, "up_vote": 1, "social_network": "reddit", "replies_charged": false, "no_replies": false, "user": "StasiaPepperr", "text": "I have thought about suicide for 17 years. Ever since my dad did it. It's a curse, to me; a family legacy. His dad and brother gave him the curse. I tell myself I'm going to break it everyday. I don't know if I'll keep that promise to myself forever, but I'm determined to try to keep the promise. I've at least got to *try.*", "permalink": "/r/Suicidal_Thoughts/comments/qace1m/how_do_you_stop_thinking_about_suicide/hh2qb6w/"}