{"id": "t5_28vigg_t3_pj27k4_t1_hbtktfe", "creation": 1630943991, "origin": "t5_28vigg_t3_pj27k4", "height": 1, "replied_to": "t5_28vigg_t3_pj27k4", "down_vote": 0, "up_vote": 1, "social_network": "reddit", "replies_charged": false, "no_replies": false, "user": "hotlinehelpbot", "text": "\nIf you or someone you know is contemplating suicide, please reach out. You can find help at a National Suicide Prevention Lifeline\n\nUSA: 18002738255\nUS Crisis textline: 741741 text HOME\n\nUnited Kingdom: 116 123\n\nTrans Lifeline (877-565-8860)\n\nOthers: https://en.wikipedia.org/wiki/List_of_suicide_crisis_lines\n\nhttps://suicidepreventionlifeline.org", "permalink": "/r/Suicidal_Thoughts/comments/pj27k4/not_actively_suicidal/hbtktfe/"}