{"id": "t5_28vigg_t3_q1lhs9_t1_hfiswub", "creation": 1633465447, "origin": "t5_28vigg_t3_q1lhs9", "height": 1, "replied_to": "t5_28vigg_t3_q1lhs9", "down_vote": 0, "up_vote": 1, "social_network": "reddit", "replies_charged": false, "no_replies": false, "user": "wellfuckthisistricky", "text": "Fake it till you make it. \nI say these words to myself 1000 times a day some days. Other days are ok and it doesn\u2019t cross my mind. \nI\u2019m not on meds (I won\u2019t take them) I have a therapist and in the moment nothing she says helps or makes sense. Days later sometimes something she says will click or sink in. \nSome days I feel like I\u2019m literally drowning it\u2019s so hard to breathe. Lots of days I\u2019m just down. Some days it\u2019s not so bad, sometimes I have hours of happiness. \nAll I can tell you is time might help. It might not help either. But trying is half of the challenge. Failure is easy, success isn\u2019t easy. \nI hope you can find some peace and joy.", "permalink": "/r/Suicidal_Thoughts/comments/q1lhs9/suicidal_ideation/hfiswub/"}