{"id": "t5_28vigg_t3_o0u4ft_t1_h3xn213", "creation": 1625330059, "origin": "t5_28vigg_t3_o0u4ft", "height": 1, "replied_to": "t5_28vigg_t3_o0u4ft", "down_vote": 0, "up_vote": 1, "social_network": "reddit", "replies_charged": false, "no_replies": false, "user": "XMGLORD", "text": "Is like a tabu, but I'll tell you. There are many ways to die, jumping for a building for example is one of the painless, it will be so quickly that you may not even notice it, if you fail you'll go to a hospital and be in pain for the rest of your life that may be a lot.\nYou can shoot yourself, same logic, too fast, you wouldn't even notice it, but if you fail you may stay vegetable or with sever brain damage.\nYou can also have a hearth attack by taking a lot of MDMA and doing exercise but it will not be totally painless because you will have chess pain for several minutes before the hearth attack, if you fail you'll only get a bad trip.\nThe last painless death but not totally realistic is suddenly death, if you hit your chest just in front of your hearth with enough (not to much) strength when the hearth is compressing it will suddenly stop and you'll die in a minute but only be conscius by ten seconds, but again not very realistic, you need to have a lot of luck to get it, and if you fail you may only have chess pain for a couple of hours.\nThe rest of the ways to die are not painless, and the consequences of failing would be even more painfully. I'll rigth only some of them in order of pain from less to more.\nFirst by intoxication, and I mean by any substance, some may need a lot but is always a dose to die (you can look LD50 for more info). Depend on the substance are the effects but in general is vomiting, deliria, stomachache, fast breathing and then a failure of cardiopulmonary system that leads to a death in like 10-15 second. But well, is not painless, actually you will suffer a lot during the process not mentioning that some substances are hard to take because of the amounts. I put it in first place because you can cheat and intoxicate yourself with a substance that also dismiss pain, like alcohol or any other drug. But well, if you fail you'll have brain and pulmonar damage.\nThen there's the bleeding, and this is a tricki one because the speed of die and the pain depends on the place, if you cut the carotid then it will be fast, the pressure is to much so in 5 seconds you'll start to fell weak and cold, then in 10 seconds you will pass out and then in 15-20 seconds die, so it will be very fast but if you cut your arms for example it will be slower, it may take 3-5 minutes and you will fell cold, confusion, lack of oxygen and then you'll pass out and die. But if you fail you may have brain damage (and maybe even other organs) depends on how much blood you lose, because remember it takes oxygen to the body, and well obviously your arms or throat will hurt a lot until they fully close.\nAnd the last is hanging or suffucating yourself, the first one is again tricki because when you hang yourself you may break your neck and die almost instantly but if you're not that lucky then you will suffer during 10-15 minutes and you will be conscius all the time. If you fail you may have brain damage for the lack of oxygen, but if it wasn't to much time you may only have lung pain and headache.\nThat was the last of this comment because there are many more but they are not usual and are even more painfull, so is worthless to say them.\nI hope I help you and well I may try the hearth attack one, I don't have a gun or the courage to jump from a building and definitely don't have the courage to cut my throat.", "permalink": "/r/Suicidal_Thoughts/comments/o0u4ft/why_is_every_place_censoring_about_my_suicidal/h3xn213/"}