{"id": "t5_28vigg_t3_o0u4ft_t1_h1xa6r8", "creation": 1623811007, "origin": "t5_28vigg_t3_o0u4ft", "height": 1, "replied_to": "t5_28vigg_t3_o0u4ft", "down_vote": 0, "up_vote": 1, "social_network": "reddit", "replies_charged": false, "no_replies": false, "user": "gkrryrorkxsh", "text": "Do they usually record down about my mental illness (if found) after counselling/treatment?\n\nThe thing I more hate about is the social stigma that I will get after that + the social stigmas that my family will get (ex. Their son killed himself bc of his mental health)", "permalink": "/r/Suicidal_Thoughts/comments/o0u4ft/why_is_every_place_censoring_about_my_suicidal/h1xa6r8/"}