{"id": "t5_28vigg_t3_o0u4ft_t1_h1x7eww", "creation": 1623809582, "origin": "t5_28vigg_t3_o0u4ft", "height": 1, "replied_to": "t5_28vigg_t3_o0u4ft", "down_vote": 0, "up_vote": 2, "social_network": "reddit", "replies_charged": false, "no_replies": false, "user": "gkrryrorkxsh", "text": "I have a long-term sucidal thoughts but I can't find / never had before any professional counsellings or treatment. I don't want to call the hotline, I know they are reporting to police if I put into an action.", "permalink": "/r/Suicidal_Thoughts/comments/o0u4ft/why_is_every_place_censoring_about_my_suicidal/h1x7eww/"}