{"id": "t5_28vigg_t3_o0u4ft_t1_h1xapna", "creation": 1623811282, "origin": "t5_28vigg_t3_o0u4ft", "height": 1, "replied_to": "t5_28vigg_t3_o0u4ft", "down_vote": 0, "up_vote": 1, "social_network": "reddit", "replies_charged": false, "no_replies": false, "user": "whatablunderfullife", "text": "therapist are bound by law to keep confidentiality unless you are actively planning on harming somebody.", "permalink": "/r/Suicidal_Thoughts/comments/o0u4ft/why_is_every_place_censoring_about_my_suicidal/h1xapna/"}