{"id": "t5_28vigg_t3_o0u4ft_t1_h1x8207", "creation": 1623809920, "origin": "t5_28vigg_t3_o0u4ft", "height": 1, "replied_to": "t5_28vigg_t3_o0u4ft", "down_vote": 0, "up_vote": 1, "social_network": "reddit", "replies_charged": false, "no_replies": false, "user": "unidentifiablebutch", "text": "I highly recommend seeking some type of professional treatment. Having someone to talk to is really, really helpful. Your doctor should be able to refer you to someone. \n\nThey might send you to inpatient if you admit to actively planning to kill yourself, but if you address some underlying issues it might make things much better for you.", "permalink": "/r/Suicidal_Thoughts/comments/o0u4ft/why_is_every_place_censoring_about_my_suicidal/h1x8207/"}