{"id": "t5_28vigg_t3_o0u4ft_t1_h1xt8pn", "creation": 1623822816, "origin": "t5_28vigg_t3_o0u4ft", "height": 1, "replied_to": "t5_28vigg_t3_o0u4ft", "down_vote": 0, "up_vote": 1, "social_network": "reddit", "replies_charged": false, "no_replies": false, "user": "diG1Mon", "text": "Because none of the methods used is pleasant or \u201ceasy\u201d. Either you fuck up and have lifelong crippling disabilities or you die in a horrible fashion. \n\nMy friend successfully killed herself because she couldn\u2019t get out of her depression and drug addiction. Let me tell you that she was lucky enough to have an open casket funeral. But guess what? It was traumatic for the people who found her and her family. It was all over the news so imagine the hounding the family got from reporters while trying to grieve.\n\nI know it isn\u2019t easy to get help but you need to do a deep dive into your mind as to why you feel suicidal. If you know what the problem is, you can fix it somehow. The journey isn\u2019t easy or short but one day you might look back and think, man I am glad I didn\u2019t do it.\n\nGood luck and all the best.", "permalink": "/r/Suicidal_Thoughts/comments/o0u4ft/why_is_every_place_censoring_about_my_suicidal/h1xt8pn/"}