{"id": "t5_28vigg_t3_o0u4ft_t1_h1x8ega", "creation": 1623810093, "origin": "t5_28vigg_t3_o0u4ft", "height": 1, "replied_to": "t5_28vigg_t3_o0u4ft", "down_vote": 0, "up_vote": 2, "social_network": "reddit", "replies_charged": false, "no_replies": false, "user": "DepressedGhoast", "text": "I've looked it up myself too. There aren't really any answers. Anyone who was successful in their attempt aren't really around to tell us the secrets. \n\nNo poisoning attempts because they rarely work, they just make you sick and then you have to deal with that. Cutting can fail too, it's messy and painful. Those are the most accessible ways to me and I don't even want to try because I don't want to fail. I only want to succeed. \n\nI think most people don't want to talk about methods because they don't want to be part of someone else dying. I have 2 ideas that I think are fail proof but I ain't sharing. I only want me to die because of my actions, not anyone else.", "permalink": "/r/Suicidal_Thoughts/comments/o0u4ft/why_is_every_place_censoring_about_my_suicidal/h1x8ega/"}