{"id": "t5_28vigg_t3_o0u4ft_t1_h1x9wdu", "creation": 1623810863, "origin": "t5_28vigg_t3_o0u4ft", "height": 1, "replied_to": "t5_28vigg_t3_o0u4ft", "down_vote": 0, "up_vote": 1, "social_network": "reddit", "replies_charged": false, "no_replies": false, "user": "gkrryrorkxsh", "text": "Yes, I don't want anyone to feel any sense of guilty but I hope I can find some sources that tells me the way to.", "permalink": "/r/Suicidal_Thoughts/comments/o0u4ft/why_is_every_place_censoring_about_my_suicidal/h1x9wdu/"}