{"id": "t5_28vigg_t3_nu0xff_t1_h0w1etb", "creation": 1623056040, "origin": "t5_28vigg_t3_nu0xff", "height": 1, "replied_to": "t5_28vigg_t3_nu0xff", "down_vote": 0, "up_vote": 2, "social_network": "reddit", "replies_charged": false, "no_replies": false, "user": "AggravatingStatus365", "text": "People who say it's selfish are in actuality the ones who are being selfish.  \"You should have stayed here and suffered longer so I wouldn't have to feel sad that you are gone\" is what they are really saying.  They think it is a selfish act as a result of how they feel.  Most of us who have been/are suicidal feel like we are relieving them of the burden that we cause.  It's not true, we aren't the burden we think we are, but that's the irrationality of suicidal thinking.  The people who would say it's selfish, they love/care about us, if they didn't our leaving wouldn't effect their lives enough to notice it or comment on it.", "permalink": "/r/Suicidal_Thoughts/comments/nu0xff/suicide_is_all_i_can_think_about_but_i_cant_even/h0w1etb/"}