{"id": "t5_28vigg_t3_nu0xff_t1_h0vx649", "creation": 1623051903, "origin": "t5_28vigg_t3_nu0xff", "height": 1, "replied_to": "t5_28vigg_t3_nu0xff", "down_vote": 0, "up_vote": 1, "social_network": "reddit", "replies_charged": false, "no_replies": false, "user": "RedruM-23", "text": "I have to be honest and say that no one actually wants this type of help when seriously contemplating suicide.", "permalink": "/r/Suicidal_Thoughts/comments/nu0xff/suicide_is_all_i_can_think_about_but_i_cant_even/h0vx649/"}