{"id": "t5_28vigg_t3_nu0xff_t1_h0v0a41", "creation": 1623029910, "origin": "t5_28vigg_t3_nu0xff", "height": 1, "replied_to": "t5_28vigg_t3_nu0xff", "down_vote": 0, "up_vote": 1, "social_network": "reddit", "replies_charged": false, "no_replies": false, "user": "hotlinehelpbot", "text": "\nIf you or someone you know is contemplating suicide, please reach out. You can find help at a National Suicide Prevention Lifeline\n\nUSA: 18002738255\nUS Crisis textline: 741741 text HOME\n\nUnited Kingdom: 116 123\n\nTrans Lifeline (877-565-8860)\n\nOthers: https://en.wikipedia.org/wiki/List_of_suicide_crisis_lines\n\nhttps://suicidepreventionlifeline.org", "permalink": "/r/Suicidal_Thoughts/comments/nu0xff/suicide_is_all_i_can_think_about_but_i_cant_even/h0v0a41/"}