{"id": "t5_28vigg_t3_nu0xff_t1_h0xivl0", "creation": 1623086419, "origin": "t5_28vigg_t3_nu0xff", "height": 1, "replied_to": "t5_28vigg_t3_nu0xff", "down_vote": 0, "up_vote": 1, "social_network": "reddit", "replies_charged": false, "no_replies": false, "user": "lolfmltbh", "text": "I cant speak for all suicidal people. Motivations differ. Certainly revenge is a factor for some. Plus theres the whole murder suicide thing, tho I would never kill someone. I'm well aware this will have a blow on my friends and family. The least I can do is make sure it's as soft of a blow as possible.", "permalink": "/r/Suicidal_Thoughts/comments/nu0xff/suicide_is_all_i_can_think_about_but_i_cant_even/h0xivl0/"}