{"id": "t5_28vigg_t3_nu0xff_t1_h0vx2uf", "creation": 1623051814, "origin": "t5_28vigg_t3_nu0xff", "height": 1, "replied_to": "t5_28vigg_t3_nu0xff", "down_vote": 0, "up_vote": 5, "social_network": "reddit", "replies_charged": false, "no_replies": false, "user": "RedruM-23", "text": "Its funny how us suicidal folk are still considerate or worry about the inconvenience our absence will cause on the day we plan to do it or for our absence just overall - and still people say that those who commit suicide are selfish", "permalink": "/r/Suicidal_Thoughts/comments/nu0xff/suicide_is_all_i_can_think_about_but_i_cant_even/h0vx2uf/"}