{"id": "t5_28vigg_t3_nu0xff_t1_h0xh0og", "creation": 1623085641, "origin": "t5_28vigg_t3_nu0xff", "height": 1, "replied_to": "t5_28vigg_t3_nu0xff", "down_vote": 0, "up_vote": 2, "social_network": "reddit", "replies_charged": false, "no_replies": false, "user": "lolfmltbh", "text": "\"Today is the greatest day I've ever known. Cant live for tomorrow. Tomorrow's much too long. I'd burn my eyes out before I get out.\" \n\nI love that song. Only song about suicide I know of that captures that feeling of relief when you've considered it as an option. Even if I never go through with it theres a comfort in knowing the exit exists. \n\nBut yeah I've always had something holding me back as well. But I think this is the first time in my life the only thing holding me back is purely obligations and not some small ounce of hope. Or lack of options.the risk of suicide failure also held me back. I'm not a gun owner and since I don't live alone buying one would raise suspicion so its not an option for me, vehicular impact has too much of a risk of harming others, and overdosing is unreliable. Im not going to discuss my plans here tho.", "permalink": "/r/Suicidal_Thoughts/comments/nu0xff/suicide_is_all_i_can_think_about_but_i_cant_even/h0xh0og/"}