{"id": "t5_28vigg_t3_nu0xff_t1_h0w1ljt", "creation": 1623056223, "origin": "t5_28vigg_t3_nu0xff", "height": 1, "replied_to": "t5_28vigg_t3_nu0xff", "down_vote": 0, "up_vote": 1, "social_network": "reddit", "replies_charged": false, "no_replies": false, "user": "AggravatingStatus365", "text": "I found that when I stopped trying to make other people happy, suddenly I was able to find ways to make myself just a little bit happier.", "permalink": "/r/Suicidal_Thoughts/comments/nu0xff/suicide_is_all_i_can_think_about_but_i_cant_even/h0w1ljt/"}