{"id": "t5_28vigg_t3_nu0xff_t1_h0v599z", "creation": 1623032581, "origin": "t5_28vigg_t3_nu0xff", "height": 1, "replied_to": "t5_28vigg_t3_nu0xff", "down_vote": 0, "up_vote": 1, "social_network": "reddit", "replies_charged": false, "no_replies": false, "user": "Special_Dance8451", "text": "I feel you Op. I can't talk about it, and I see in suicide quite comfort. Every day is like hell", "permalink": "/r/Suicidal_Thoughts/comments/nu0xff/suicide_is_all_i_can_think_about_but_i_cant_even/h0v599z/"}