{"id": "t5_28vigg_t3_nu0xff_t1_h0w1ky0", "creation": 1623056207, "origin": "t5_28vigg_t3_nu0xff", "height": 1, "replied_to": "t5_28vigg_t3_nu0xff", "down_vote": 0, "up_vote": 1, "social_network": "reddit", "replies_charged": false, "no_replies": false, "user": "LifeBytes123", "text": "Not going to lie, though i go back and forth on actually deciding to commit suicide, when i do \"plan\" it, i actually have something to look forward to. Nothing else is there for me to look forward to. Not hobbies, not the prospect of a relationship, nothing. \n\nHowever, something is holding me back. Maybe this is karma and my punishment is to live a life sentence of misery? Idk. But yeah, the only thing i have been able to think about in the last month is not being around anymore.", "permalink": "/r/Suicidal_Thoughts/comments/nu0xff/suicide_is_all_i_can_think_about_but_i_cant_even/h0w1ky0/"}