{"id": "t5_28vigg_t3_nu0xff_t1_h0vfqy4", "creation": 1623038557, "origin": "t5_28vigg_t3_nu0xff", "height": 1, "replied_to": "t5_28vigg_t3_nu0xff", "down_vote": 0, "up_vote": 2, "social_network": "reddit", "replies_charged": false, "no_replies": false, "user": "lolfmltbh", "text": "Lol I quit even looking for apartments cuz I cant afford my own place and if I were to be on the lease with any roommate I could never leave them in a tight spot. \n\nI swear my social responsibilities and obligations are the only thing that keep me going. I wish I would of killed myself when I was a teenager. The timing just isnt right currently. Damn it.", "permalink": "/r/Suicidal_Thoughts/comments/nu0xff/suicide_is_all_i_can_think_about_but_i_cant_even/h0vfqy4/"}