{"id": "t5_28vigg_t3_nu0xff_t1_h0xhnac", "creation": 1623085904, "origin": "t5_28vigg_t3_nu0xff", "height": 1, "replied_to": "t5_28vigg_t3_nu0xff", "down_vote": 0, "up_vote": 1, "social_network": "reddit", "replies_charged": false, "no_replies": false, "user": "lolfmltbh", "text": "How in the world did this earn a wholesome reward? \n\nTho I've always been told I have an innocence to me. I guess even when I go to morbid places it shines through. \n\nStill what?", "permalink": "/r/Suicidal_Thoughts/comments/nu0xff/suicide_is_all_i_can_think_about_but_i_cant_even/h0xhnac/"}