{"id": "t5_28vigg_t3_pt0t9s_t1_hdtn4vg", "creation": 1632300469, "origin": "t5_28vigg_t3_pt0t9s", "height": 1, "replied_to": "t5_28vigg_t3_pt0t9s", "down_vote": 0, "up_vote": 2, "social_network": "reddit", "replies_charged": false, "no_replies": false, "user": "HulkSmashHulkRegret", "text": "Yeah, doing things for the ones I love, that keeps me going too. I live vicariously through their joy of life, of seeing them happy, and them it adds something on those occasions that I was lucky enough to have a hand in their happiness. \n\nAnd at least your loved one is your kid, that\u2019s a bond that\u2019s very difficult to break.", "permalink": "/r/Suicidal_Thoughts/comments/pt0t9s/part_of_the_reason_why_i_keep_goingbeing_part_of/hdtn4vg/"}