{"id": "t5_28vigg_t3_pt0t9s_t1_hdtq51s", "creation": 1632303352, "origin": "t5_28vigg_t3_pt0t9s", "height": 1, "replied_to": "t5_28vigg_t3_pt0t9s", "down_vote": 0, "up_vote": 2, "social_network": "reddit", "replies_charged": false, "no_replies": false, "user": "Geezus-Franko_4", "text": "I seriously love this post and you are such ana amazing parents for keeping that positive thought on the fire front of your mind over the sad and bad feelings!!", "permalink": "/r/Suicidal_Thoughts/comments/pt0t9s/part_of_the_reason_why_i_keep_goingbeing_part_of/hdtq51s/"}