{"id": "t5_28vigg_t3_pl6tcy_t1_hc917sg", "creation": 1631233809, "origin": "t5_28vigg_t3_pl6tcy", "height": 1, "replied_to": "t5_28vigg_t3_pl6tcy", "down_vote": 0, "up_vote": 2, "social_network": "reddit", "replies_charged": false, "no_replies": false, "user": "Ultimate_Dreamer_21", "text": "You remind me of me in 7th grade. Look, people care. I care for you. Heck, I dont even know you and I still do. Humanity is awesome. Anyways, just dont end it. I have had 3 friends do it. My mission is to stop suicides. Thats what I want to do. The stage has just been set for you. Dont run off. Keep the show of life going.", "permalink": "/r/Suicidal_Thoughts/comments/pl6tcy/suicide_thoughts_every_day/hc917sg/"}