{"id": "t5_28vigg_t3_pl6tcy_t1_hhjpjkl", "creation": 1634854631, "origin": "t5_28vigg_t3_pl6tcy", "height": 1, "replied_to": "t5_28vigg_t3_pl6tcy", "down_vote": 0, "up_vote": 2, "social_network": "reddit", "replies_charged": false, "no_replies": false, "user": "WesternAd2891", "text": "It's been a while since I posted that, but thank I feel a little better now and thought to my self no matter what life throws into me I'll keep going just because I don't want my sad thoughts to win.", "permalink": "/r/Suicidal_Thoughts/comments/pl6tcy/suicide_thoughts_every_day/hhjpjkl/"}