{"id": "t5_28vigg_t3_nisvqc_t1_gz7n6gu", "creation": 1621809693, "origin": "t5_28vigg_t3_nisvqc", "height": 1, "replied_to": "t5_28vigg_t3_nisvqc", "down_vote": 0, "up_vote": 2, "social_network": "reddit", "replies_charged": false, "no_replies": false, "user": "000000317", "text": "That\u2019s why im so scared. Basketball is so so so so so demanding and i already dont have a genetically strong body. Im really scared for my life if something happens to me and i cant play ball anymore i will prolably end it that day. Im already being super cautious before doing anything thats even near body-using, like stretching and dynamic warm ups before jogging daily.", "permalink": "/r/Suicidal_Thoughts/comments/nisvqc/is_there_actually_a_way_to_get_help_litterally/gz7n6gu/"}