{"id": "t5_28vigg_t3_nisvqc_t1_gz9f8b4", "creation": 1621855312, "origin": "t5_28vigg_t3_nisvqc", "height": 1, "replied_to": "t5_28vigg_t3_nisvqc", "down_vote": 0, "up_vote": 2, "social_network": "reddit", "replies_charged": false, "no_replies": false, "user": "MariMariMari4", "text": "Been there \ud83d\ude05. If I were you, I'd try to spend more time with loyal friends.  It's a rough time you're going through, but it's also a great time to realize who in your life is actually there for you. They'll help you.", "permalink": "/r/Suicidal_Thoughts/comments/nisvqc/is_there_actually_a_way_to_get_help_litterally/gz9f8b4/"}