{"id": "t5_28vigg_t3_nisvqc_t1_gz6hnwv", "creation": 1621789883, "origin": "t5_28vigg_t3_nisvqc", "height": 1, "replied_to": "t5_28vigg_t3_nisvqc", "down_vote": 0, "up_vote": 1, "social_network": "reddit", "replies_charged": false, "no_replies": false, "user": "Idk-11937", "text": "Would recommend mushrooms as well acid doesn\u2019t work for me depression wise but one mushroom trip made me insanely happy for awhile", "permalink": "/r/Suicidal_Thoughts/comments/nisvqc/is_there_actually_a_way_to_get_help_litterally/gz6hnwv/"}