{"id": "t5_28vigg_t3_nisvqc_t1_gz5bxld", "creation": 1621765413, "origin": "t5_28vigg_t3_nisvqc", "height": 1, "replied_to": "t5_28vigg_t3_nisvqc", "down_vote": 0, "up_vote": 2, "social_network": "reddit", "replies_charged": false, "no_replies": false, "user": "MariMariMari4", "text": "Well, maybe your prescription wasn't right for you, or it was in unfit doses. I know it's hard to find a mental health worker you like, it gets to a point of exhaustion sometimes. But you must keep trying, because you are worth it. We are all different, so maybe you need activities other than therapy and medication to get your \"happy hormones\" flowing. I got better after taking a walk outside everyday. It was very hard to get myself dressed and out the door. But it was very rewarding afterwards. Maybe you might benefit from exercise and/or meditation. I find repetitive activity like coloring or braiding hair quite soothing. But I get that's not for everyone. You must make yourself a priority and try to find out what works for you OP. I'm sure you'll get there :)", "permalink": "/r/Suicidal_Thoughts/comments/nisvqc/is_there_actually_a_way_to_get_help_litterally/gz5bxld/"}