{"id": "t5_28vigg_t3_nisvqc_t1_gz963l7", "creation": 1621847080, "origin": "t5_28vigg_t3_nisvqc", "height": 1, "replied_to": "t5_28vigg_t3_nisvqc", "down_vote": 0, "up_vote": 2, "social_network": "reddit", "replies_charged": false, "no_replies": false, "user": "000000317", "text": "Im trying to find stuff that i love like basketball, but i couldnt find anything and kind of resorted to a relationship. And that ended quite badly and i couldnt feel much after that. Thats why i dont really put my trust in anything but basketball now. Idk im just super paranoid about anything that can happen.", "permalink": "/r/Suicidal_Thoughts/comments/nisvqc/is_there_actually_a_way_to_get_help_litterally/gz963l7/"}