{"id": "t5_28vigg_t3_nisvqc_t1_gz3sbwr", "creation": 1621724492, "origin": "t5_28vigg_t3_nisvqc", "height": 1, "replied_to": "t5_28vigg_t3_nisvqc", "down_vote": 0, "up_vote": 1, "social_network": "reddit", "replies_charged": false, "no_replies": false, "user": "IPrimeHD", "text": "I know it won't work but send a massage to u/l0vingangel. She gave me hope when we talked about suicide. I tried medicine treatent too but it wont work for me too. I'm just keep saying myself \"I'm a literally fucking god and everybody around me is imbecile\". I don't know but it makes me a will for life. If they can make her/him life good why I can't. I lost my very special one 6 days ago and point a gun at my right ear. But I can't pull the trigger because she is probably watching my somewhere and saying me \"Don't do that\". Actually I'm an anti-social person and my parents left me when I was 12. I see worse life then mine but it didn't stopped me to think about suicide. I attempt a suicide when I was 16 and it is the worst decision on my entire life and be sure I make alot of bad decision. So long in short think about suicide but don't make it ideas come true. I know it wasn't an answer you expected but I tought it makes you think about something about your life. Be alive my random stranger.", "permalink": "/r/Suicidal_Thoughts/comments/nisvqc/is_there_actually_a_way_to_get_help_litterally/gz3sbwr/"}