{"id": "t5_28vigg_t3_nisvqc_t1_gz7lgdy", "creation": 1621808817, "origin": "t5_28vigg_t3_nisvqc", "height": 1, "replied_to": "t5_28vigg_t3_nisvqc", "down_vote": 0, "up_vote": 2, "social_network": "reddit", "replies_charged": false, "no_replies": false, "user": "000000317", "text": "Thank you for the comment, i didnt state this in my post but i play Basketball for a quite established club\u2019s u19 team. The only reason i didnt end it all at 16 was because i love Basketball more than i love myself, and i couldnt let go of it. The only motivation i had before ending it was what if i cant play ball anymore? I see what youre saying now. Thanks again.", "permalink": "/r/Suicidal_Thoughts/comments/nisvqc/is_there_actually_a_way_to_get_help_litterally/gz7lgdy/"}