{"id": "t5_28vigg_t3_nisvqc_t1_gz7mmbf", "creation": 1621809406, "origin": "t5_28vigg_t3_nisvqc", "height": 1, "replied_to": "t5_28vigg_t3_nisvqc", "down_vote": 0, "up_vote": 2, "social_network": "reddit", "replies_charged": false, "no_replies": false, "user": "MariMariMari4", "text": "I have a similar connection to an orchestra and music school. It also prevented me from ending it. But a year ago, I've had a career ending injury. So I thought I had nothing to live for and went right back to daily suicidal thoughts. It's great that you love basketball, but please think about  finding other passions and interests to add to your list. Hopefully this will never happen to you, but it's good to have more than one \"safety net\" in case something happens.", "permalink": "/r/Suicidal_Thoughts/comments/nisvqc/is_there_actually_a_way_to_get_help_litterally/gz7mmbf/"}