{"id": "t5_28vigg_t3_nisvqc_t1_gz7o12y", "creation": 1621810133, "origin": "t5_28vigg_t3_nisvqc", "height": 1, "replied_to": "t5_28vigg_t3_nisvqc", "down_vote": 0, "up_vote": 2, "social_network": "reddit", "replies_charged": false, "no_replies": false, "user": "MariMariMari4", "text": "I was not a prodigy musician, like you, I had to work a lot, so it felt unfair when it happened. I didn't mean to scare you. If you are that cautious, I'm sure it won't happen to you. However, with or without an injury, you should look for more things to love and value about yourself other than basketball. I'm sure you practice a lot, and probably don't want to spend time doing something else when you could be practicing. It's already wonderful if you train yourself to lose the \"all or nothing\" mentality that usually comes with these demanding and competitive areas.", "permalink": "/r/Suicidal_Thoughts/comments/nisvqc/is_there_actually_a_way_to_get_help_litterally/gz7o12y/"}