{"id": "t5_28vigg_t3_nisvqc_t1_gz6hh09", "creation": 1621789793, "origin": "t5_28vigg_t3_nisvqc", "height": 1, "replied_to": "t5_28vigg_t3_nisvqc", "down_vote": 0, "up_vote": 1, "social_network": "reddit", "replies_charged": false, "no_replies": false, "user": "emmy022407_reddit", "text": "does addiction run in your family? sorry if that\u2019s too personal of a question you don\u2019t have to answer", "permalink": "/r/Suicidal_Thoughts/comments/nisvqc/is_there_actually_a_way_to_get_help_litterally/gz6hh09/"}