{"id": "t5_28vigg_t3_odg78p_t1_haxlk9g", "creation": 1630333984, "origin": "t5_28vigg_t3_odg78p", "height": 1, "replied_to": "t5_28vigg_t3_odg78p", "down_vote": 0, "up_vote": 1, "social_network": "reddit", "replies_charged": false, "no_replies": false, "user": "Perfect_Cranberry_52", "text": "I dont think so sleeping pill would work right away, id prob snort the fentanyl right away but hey before you go too, try and enjoy new things in life. Id try all things before ODing", "permalink": "/r/Suicidal_Thoughts/comments/odg78p/whats_the_easiest_least_painful_way_to_commit/haxlk9g/"}