{"id": "t5_28vigg_t3_odg78p_t1_h4do506", "creation": 1625680912, "origin": "t5_28vigg_t3_odg78p", "height": 1, "replied_to": "t5_28vigg_t3_odg78p", "down_vote": 0, "up_vote": 2, "social_network": "reddit", "replies_charged": false, "no_replies": false, "user": "throwaway023829", "text": "Whatever you chose don't OD on Stims . It's hell. And don't OD on acetylcholine antagonist or anticholinergics because that shit is Alzheimer's.", "permalink": "/r/Suicidal_Thoughts/comments/odg78p/whats_the_easiest_least_painful_way_to_commit/h4do506/"}