{"id": "t5_28vigg_t3_odg78p_t1_h43bczb", "creation": 1625455130, "origin": "t5_28vigg_t3_odg78p", "height": 1, "replied_to": "t5_28vigg_t3_odg78p", "down_vote": 0, "up_vote": 3, "social_network": "reddit", "replies_charged": false, "no_replies": false, "user": null, "text": "Painkillers and sleeping pills. If you have antidepressants those will work even better. I recommend mixing as many as possible in large quantity\u2019s to have better chances.\n\nWhen I tried to kill myself I took 150 Lithium, 150 Amantadine, and 50 kidney pills for dogs. It would\u2019ve killed me but I was airlifted to a hospital. Doctors said if I got there 5 minutes later I would\u2019ve died. I wish that was the case. Make sure to do it somewhere isolated. That was my mistake. Someone found me too soon.", "permalink": "/r/Suicidal_Thoughts/comments/odg78p/whats_the_easiest_least_painful_way_to_commit/h43bczb/"}