{"id": "t5_28vigg_t3_odg78p_t1_h406g7y", "creation": 1625387041, "origin": "t5_28vigg_t3_odg78p", "height": 1, "replied_to": "t5_28vigg_t3_odg78p", "down_vote": 0, "up_vote": -5, "social_network": "reddit", "replies_charged": false, "no_replies": false, "user": "hotlinehelpbot", "text": "\nIf you or someone you know is contemplating suicide, please reach out. You can find help at a National Suicide Prevention Lifeline\n\nUSA: 18002738255\nUS Crisis textline: 741741 text HOME\n\nUnited Kingdom: 116 123\n\nTrans Lifeline (877-565-8860)\n\nOthers: https://en.wikipedia.org/wiki/List_of_suicide_crisis_lines\n\nhttps://suicidepreventionlifeline.org", "permalink": "/r/Suicidal_Thoughts/comments/odg78p/whats_the_easiest_least_painful_way_to_commit/h406g7y/"}