{"id": "t5_28vigg_t3_odg78p_t1_h40sjo6", "creation": 1625405833, "origin": "t5_28vigg_t3_odg78p", "height": 1, "replied_to": "t5_28vigg_t3_odg78p", "down_vote": 0, "up_vote": 7, "social_network": "reddit", "replies_charged": false, "no_replies": false, "user": null, "text": "Shotgun to the head would be virtually painless because you\u2019d die instantly. My second choices would be a pill overdose and carbon monoxide", "permalink": "/r/Suicidal_Thoughts/comments/odg78p/whats_the_easiest_least_painful_way_to_commit/h40sjo6/"}