{"id": "t5_28vigg_t3_odg78p_t1_h4371ik", "creation": 1625452275, "origin": "t5_28vigg_t3_odg78p", "height": 1, "replied_to": "t5_28vigg_t3_odg78p", "down_vote": 0, "up_vote": 2, "social_network": "reddit", "replies_charged": false, "no_replies": false, "user": "REXHEX918", "text": "Btw I live in a country with strict gun laws and medical laws, so it would be virtually impossible for me to get any pills or guns.", "permalink": "/r/Suicidal_Thoughts/comments/odg78p/whats_the_easiest_least_painful_way_to_commit/h4371ik/"}