{"id": "t5_28vigg_t3_odg78p_t1_hawsv5p", "creation": 1630317178, "origin": "t5_28vigg_t3_odg78p", "height": 1, "replied_to": "t5_28vigg_t3_odg78p", "down_vote": 0, "up_vote": 1, "social_network": "reddit", "replies_charged": false, "no_replies": false, "user": "REXHEX918", "text": "Same here, I\u2019m in the same situation. I\u2019m wondering whether if I try OD and take sleeping pills if it\u2019ll still work", "permalink": "/r/Suicidal_Thoughts/comments/odg78p/whats_the_easiest_least_painful_way_to_commit/hawsv5p/"}