{"id": "t5_28vigg_t3_odg78p_t1_hatlahy", "creation": 1630255657, "origin": "t5_28vigg_t3_odg78p", "height": 1, "replied_to": "t5_28vigg_t3_odg78p", "down_vote": 0, "up_vote": 2, "social_network": "reddit", "replies_charged": false, "no_replies": false, "user": "Perfect_Cranberry_52", "text": "I watched some videos or read stories about ODing from fentanyl, it is 100x stronger than heroin so inhaling even a small dosage would drop you in a second, my only problem is Idk where to buy drugs man, im 16 never smoked weed I just wanna OD", "permalink": "/r/Suicidal_Thoughts/comments/odg78p/whats_the_easiest_least_painful_way_to_commit/hatlahy/"}