{"id": "t5_28vigg_t3_qd2nqz_t1_hhjraxz", "creation": 1634855428, "origin": "t5_28vigg_t3_qd2nqz", "height": 1, "replied_to": "t5_28vigg_t3_qd2nqz", "down_vote": 0, "up_vote": 3, "social_network": "reddit", "replies_charged": false, "no_replies": false, "user": "LifeBytes123", "text": "Same. At this point, im just \"existing\". I cant fix any of the things making me depressed. Might just start drinking and smoking soon.", "permalink": "/r/Suicidal_Thoughts/comments/qd2nqz/i_feel_like_my_suicide_is_overdue/hhjraxz/"}