{"id": "t5_28vigg_t3_qd2nqz_t1_hhkty1y", "creation": 1634873872, "origin": "t5_28vigg_t3_qd2nqz", "height": 1, "replied_to": "t5_28vigg_t3_qd2nqz", "down_vote": 0, "up_vote": 3, "social_network": "reddit", "replies_charged": false, "no_replies": false, "user": "SoWhereIsTheLink", "text": "Nobody is ready for suicide. I learned that the hard way, and I was just lucky that I was able to hit the brakes hard enough (literally). \n\nIn the end it took me a ruined car, suspended license, and insane insurance rates to realize that if I didn't brake, I'd be doing this alone. If there was any doubt that I'd be alone, It would definitely be that night. The sort of fucked up but funny thing is that after I tried to call the hotline, but I went to voicemail. \n\nI don't know exactly what you are going through, but despite all that you think is happening, or what you have done, you are not beyond salvation. \n\nEven if it might not seem like it, there are people who care about you. Reach out, and you will find a trusted hand.", "permalink": "/r/Suicidal_Thoughts/comments/qd2nqz/i_feel_like_my_suicide_is_overdue/hhkty1y/"}