{"id": "t5_28vigg_t3_pjzfht_t1_hbzydei", "creation": 1631060039, "origin": "t5_28vigg_t3_pjzfht", "height": 1, "replied_to": "t5_28vigg_t3_pjzfht", "down_vote": 0, "up_vote": 2, "social_network": "reddit", "replies_charged": false, "no_replies": false, "user": "hotlinehelpbot", "text": "\nIf you or someone you know is contemplating suicide, please reach out. You can find help at a National Suicide Prevention Lifeline\n\nUSA: 18002738255\nUS Crisis textline: 741741 text HOME\n\nUnited Kingdom: 116 123\n\nTrans Lifeline (877-565-8860)\n\nOthers: https://en.wikipedia.org/wiki/List_of_suicide_crisis_lines\n\nhttps://suicidepreventionlifeline.org", "permalink": "/r/Suicidal_Thoughts/comments/pjzfht/i_dont_know_if_im_suicidal_i_have_fantasies_about/hbzydei/"}