{"id": "t5_28vigg_t3_pjzfht_t1_hc0seba", "creation": 1631074992, "origin": "t5_28vigg_t3_pjzfht", "height": 1, "replied_to": "t5_28vigg_t3_pjzfht", "down_vote": 0, "up_vote": 2, "social_network": "reddit", "replies_charged": false, "no_replies": false, "user": "charwhee", "text": "Your suicidal thoughts sound like the result of re-experiencing a past trauma when you get triggered. It could be happening because of what you're doing in therapy as you bring up and address the trauma. It could also be that you need more help. There's no downside to getting more help. But I don't think you have to act on these thoughts. Basic care is very very important; sleep, exercise, good diet, social interaction, more social interaction, and try to find some books or audio tapes that help soothe you. Know that you can work through these feelings, and that there is another side where you're not in pain or experiencing suicidal ideation.", "permalink": "/r/Suicidal_Thoughts/comments/pjzfht/i_dont_know_if_im_suicidal_i_have_fantasies_about/hc0seba/"}