{"id": "t5_28vigg_t3_q73tn7_t1_hgkmwvr", "creation": 1634184276, "origin": "t5_28vigg_t3_q73tn7", "height": 1, "replied_to": "t5_28vigg_t3_q73tn7", "down_vote": 0, "up_vote": 1, "social_network": "reddit", "replies_charged": false, "no_replies": false, "user": "StrangerNorth377", "text": "There is some that would argue that were spiritual beings stuck in the human condition. N us being spiritual beings there is a fight for our soul (if u would like to call it that) our aura. There is a war being waged to drag us down into that pit of loneliness n despair. Idk y but there is.  N sometimes we open our selfs up to things to do it without ever realizing it. But there is a lot of highly intelligent people with open minds that think this. So it probably isn\u2019t u!", "permalink": "/r/Suicidal_Thoughts/comments/q73tn7/suicidal_thoughts_self_harm/hgkmwvr/"}