{"id": "t5_28vigg_t3_q73tn7_t1_hgg5azy", "creation": 1634100805, "origin": "t5_28vigg_t3_q73tn7", "height": 1, "replied_to": "t5_28vigg_t3_q73tn7", "down_vote": 0, "up_vote": 3, "social_network": "reddit", "replies_charged": false, "no_replies": false, "user": "CrazyGlizzy", "text": "I know it\u2019s probably all in my head, but I really can\u2019t help but feel alone, like I have no one I can go to besides myself. I don\u2019t wanna put any of my baggage onto anyone else, because people have their own lives to live, and also don\u2019t want them to look at/treat me differently.", "permalink": "/r/Suicidal_Thoughts/comments/q73tn7/suicidal_thoughts_self_harm/hgg5azy/"}