{"id": "t5_28vigg_t3_q73tn7_t1_hghmz4k", "creation": 1634136872, "origin": "t5_28vigg_t3_q73tn7", "height": 1, "replied_to": "t5_28vigg_t3_q73tn7", "down_vote": 0, "up_vote": 1, "social_network": "reddit", "replies_charged": false, "no_replies": false, "user": "Maleficent_Ad6408", "text": "If you feel comfortable you can talk to me. I also am in a bad place rn. I've never sh but I really want to start and it's getting harder and harder to ignore the thought. It's even worse for my suicidal thoughts. They're really loud nowadays and I stopped talking to my friends about that bc I feel like I'm just a problem to them.", "permalink": "/r/Suicidal_Thoughts/comments/q73tn7/suicidal_thoughts_self_harm/hghmz4k/"}