{"id": "t5_28vigg_t3_p868di_t1_h9o3l7r", "creation": 1629471443, "origin": "t5_28vigg_t3_p868di", "height": 1, "replied_to": "t5_28vigg_t3_p868di", "down_vote": 0, "up_vote": 1, "social_network": "reddit", "replies_charged": false, "no_replies": false, "user": "mrpopalopdous", "text": "Attachments are good to build though especially friendships as you know you always have someone reliable to rely on when you really need help and as for relationships I haven't been with anyone since partly because I still hold her in my heart and partly because im an ugly fuck who is also terrible at socialising.  But if you ever need to vent or just rant at someone you can pm me always here to help if I can don't know how much help i can be but I can try", "permalink": "/r/Suicidal_Thoughts/comments/p868di/losing_my_first_love_to_suicide_at_the_age_of_15/h9o3l7r/"}