{"id": "t5_28vigg_t3_p868di_t1_h9o32jo", "creation": 1629471232, "origin": "t5_28vigg_t3_p868di", "height": 1, "replied_to": "t5_28vigg_t3_p868di", "down_vote": 0, "up_vote": 3, "social_network": "reddit", "replies_charged": false, "no_replies": false, "user": "Trudrew08", "text": "Yeah... I understand that... I'm just numb and don't build relationships anymore really. I'll try not to get attached to someone now and I'm going to be 21 this year but it's very hard to keep going honestly but I'm still here with no license and no job right now struggling mentally I really don't know what to do.", "permalink": "/r/Suicidal_Thoughts/comments/p868di/losing_my_first_love_to_suicide_at_the_age_of_15/h9o32jo/"}