{"id": "t5_28vigg_t3_p868di_t1_h9o2srf", "creation": 1629471119, "origin": "t5_28vigg_t3_p868di", "height": 1, "replied_to": "t5_28vigg_t3_p868di", "down_vote": 0, "up_vote": 2, "social_network": "reddit", "replies_charged": false, "no_replies": false, "user": "mrpopalopdous", "text": "I dont know about a young female but I was 18 when I lost my fianc\u00e9 and it devastated me I wondered around in a thick fog for years cold and emotionless just drifting through life wishing something anything would happen and it was debilitating.", "permalink": "/r/Suicidal_Thoughts/comments/p868di/losing_my_first_love_to_suicide_at_the_age_of_15/h9o2srf/"}